CASE_ID,ACCIDENT_YEAR,PROC_DATE,JURIS,COLLISION_DATE,COLLISION_TIME,OFFICER_ID,REPORTING_DISTRICT,DAY_OF_WEEK,CHP_SHIFT,POPULATION,CNTY_CITY_LOC,SPECIAL_COND,BEAT_TYPE,CHP_BEAT_TYPE,CITY_DIVISION_LAPD,CHP_BEAT_CLASS,BEAT_NUMBER,PRIMARY_RD,SECONDARY_RD,DISTANCE,DIRECTION,INTERSECTION,WEATHER_1,WEATHER_2,STATE_HWY_IND,CALTRANS_COUNTY,CALTRANS_DISTRICT,STATE_ROUTE,ROUTE_SUFFIX,POSTMILE_PREFIX,POSTMILE,LOCATION_TYPE,RAMP_INTERSECTION,SIDE_OF_HWY,TOW_AWAY,COLLISION_SEVERITY,NUMBER_KILLED,NUMBER_INJURED,PARTY_COUNT,PRIMARY_COLL_FACTOR,PCF_CODE_OF_VIOL,PCF_VIOL_CATEGORY,PCF_VIOLATION,PCF_VIOL_SUBSECTION,HIT_AND_RUN,TYPE_OF_COLLISION,MVIW,PED_ACTION,ROAD_SURFACE,ROAD_COND_1,ROAD_COND_2,LIGHTING,CONTROL_DEVICE,CHP_ROAD_TYPE,PEDESTRIAN_ACCIDENT,BICYCLE_ACCIDENT,MOTORCYCLE_ACCIDENT,TRUCK_ACCIDENT,NOT_PRIVATE_PROPERTY,ALCOHOL_INVOLVED,STWD_VEHTYPE_AT_FAULT,CHP_VEHTYPE_AT_FAULT,COUNT_SEVERE_INJ,COUNT_VISIBLE_INJ,COUNT_COMPLAINT_PAIN,COUNT_PED_KILLED,COUNT_PED_INJURED,COUNT_BICYCLIST_KILLED,COUNT_BICYCLIST_INJURED,COUNT_MC_KILLED,COUNT_MC_INJURED,PRIMARY_RAMP,SECONDARY_RAMP,LATITUDE,LONGITUDE,COUNTY,CITY,POINT_X,POINT_Y
90483610,2017,2017-06-22,9335,2017-05-31,2049,021125,,3,2,7,3801,0,1,1,,2,080,"I-80 E/B","5TH STREET UNDER-CROSSING",30.00,E,N,A,-,Y,,,80,,,,,,E,N,4,0,1,3,A,-,03,22350,,N,C,C,A,A,H,-,C,D,0,,,,,Y,,A,07,0,0,1,0,0,0,0,0,0,-,-,37.77838,-122.40071,"SAN FRANCISCO","SAN FRANCISCO",-122.40071319,37.7783838
90483546,2017,2017-06-22,9335,2017-06-05,0847,021672,,1,1,7,3801,0,1,1,,2,023,"I-280 N/B","THE N. ALEMANY BLVD O/C",357.00,S,N,A,-,Y,,,280,,,,,,N,N,4,0,1,2,A,-,03,22350,,N,C,C,A,A,H,-,A,D,0,,,,,Y,,A,01,0,0,1,0,0,0,0,0,0,-,-,37.73157,-122.41588,"SAN FRANCISCO","SAN FRANCISCO",-122.41594221,37.73190439
90481739,2017,2017-06-20,9350,2017-06-11,1831,021418,,7,2,7,3801,0,1,2,,2,020,"US-101 S/B","N. TOWER OF GGB",450.00,S,N,A,-,Y,,,101,,,,,,S,Y,4,0,1,2,A,-,03,22350,,N,C,C,A,A,H,-,A,D,0,,,,,Y,,A,01,0,0,1,0,0,0,0,0,0,-,-,37.82549,-122.47932,"SAN FRANCISCO","SAN FRANCISCO",-122.47952201,37.82545966
90481358,2017,2017-06-20,9350,2017-06-16,1017,018802,,5,1,7,3801,0,1,2,,2,010,"US-101 S/B","GIRARD ROAD",50.00,N,N,A,-,Y,,,101,,,,,,S,Y,3,0,1,2,A,-,07,21658,A,N,B,C,A,A,H,-,A,D,0,,,Y,,Y,,A,07,0,1,0,0,0,0,0,0,1,-,-,37.80327,-122.45184,"SAN FRANCISCO","SAN FRANCISCO",-122.45178991,37.80354854
90480167,2017,2017-06-19,9335,2017-06-08,1925,018688,,4,2,7,3801,0,1,1,,2,023,"I-280 S/B","JUSTIN DR. OVERPASS",7.00,N,N,B,-,Y,,,280,,,,,,S,Y,3,0,2,2,A,-,03,22350,,N,C,C,A,A,H,-,B,D,0,,,,,Y,,A,01,0,1,1,0,0,0,0,0,0,-,-,37.73165,-122.42602,"SAN FRANCISCO","SAN FRANCISCO",-122.42602252,37.73162452
90480132,2017,2017-06-19,9335,2017-06-07,1120,021672,,3,1,7,3801,0,1,2,,2,013,"US-101 S/B","THE FAITH ST. PEDESTRIAN O/C",150.00,S,N,A,B,Y,,,101,,,,,,S,Y,4,0,1,2,A,-,03,22350,,N,C,C,A,A,H,-,A,D,0,,,,,Y,,A,01,0,0,1,0,0,0,0,0,0,-,-,37.74362,-122.40599,"SAN FRANCISCO","SAN FRANCISCO",-122.40605465,37.74367274
90480093,2017,2017-06-19,9335,2017-06-03,2153,021277,,6,2,7,3801,0,1,2,,2,013,"US-101 N/B","PAUL AVE",910.00,S,N,A,-,Y,,,101,,,,,,N,N,3,0,1,2,A,-,11,21954,A,N,G,B,E,A,H,-,D,D,0,Y,,,,Y,,N,60,0,1,0,0,1,0,0,0,0,-,-,37.72135,-122.40025,"SAN FRANCISCO","SAN FRANCISCO",-122.40016235,37.72138223
90480072,2017,2017-06-19,9335,2017-06-06,1840,021341,,2,2,7,3801,0,1,2,,2,015,"US-101 N/B","FOLSOM ST",54.00,S,N,A,-,Y,,,101,,,,,,N,N,4,0,1,3,A,-,03,22350,,N,C,C,A,A,H,-,A,D,0,,,,,Y,,A,01,0,0,1,0,0,0,0,0,0,-,-,37.76965,-122.41551,"SAN FRANCISCO","SAN FRANCISCO",-122.41550957,37.76966199
90480014,2017,2017-06-19,9335,2017-06-07,0832,021672,,3,1,7,3801,0,1,2,,2,014,"US-101 S/B","THE 23RD ST O/C",405.00,N,N,B,-,Y,,,101,,,,,,S,Y,4,0,4,3,A,-,03,22350,,N,C,C,A,A,H,-,A,D,0,,,,,Y,,A,01,0,0,4,0,0,0,0,0,0,-,-,37.75572,-122.40321,"SAN FRANCISCO","SAN FRANCISCO",-122.40325241,37.7557161
90479984,2017,2017-06-16,9335,2017-06-07,1650,013738,,3,2,7,3801,0,1,2,,2,014,"US-101 N/B","22 ND STREET",200.00,N,N,A,-,Y,,,101,,,,,,N,Y,3,0,1,2,A,-,07,21658,A,N,F,A,A,A,H,-,A,D,0,,,Y,,Y,,A,01,0,1,0,0,0,0,0,0,1,-,-,37.75737,-122.40382,"SAN FRANCISCO","SAN FRANCISCO",-122.40378591,37.75740434
90479418,2017,2017-06-16,9335,2017-06-03,1815,021284,,6,2,7,3801,0,1,2,,2,014,"US-101 S/B","23RD ST O/C",158.00,N,N,A,-,Y,,,101,,,,,,S,Y,3,0,3,3,A,-,03,22350,,N,C,C,A,A,H,-,A,D,0,,,,,Y,,A,01,0,1,2,0,0,0,0,0,0,-,-,37.755,-122.40327,"SAN FRANCISCO","SAN FRANCISCO",-122.4031872,37.75500762
90479251,2017,2017-06-15,9335,2017-06-05,2158,021646,,1,2,7,3801,0,1,1,,2,080,"I-80 W/B TO US-101 N/B","8TH ST",700.00,W,N,A,-,Y,,,80,,,,R,,W,Y,3,0,2,1,A,-,01,23152,A,M,E,I,A,A,H,-,C,D,0,,,,,Y,Y,A,01,0,2,0,0,0,0,0,0,0,-,-,37.77025,-122.40594,"SAN FRANCISCO","SAN FRANCISCO",-122.40594,37.77025
90479234,2017,2017-06-15,9335,2017-06-04,0245,021474,,7,3,7,3801,0,1,1,,1,081,"I-80 W/B","THE EMBARCADERO U/C",920.00,E,N,A,-,Y,,,80,,,,,,W,Y,3,0,1,2,A,-,03,22350,,N,C,C,A,A,H,-,E,D,0,,,,,Y,,A,01,0,1,0,0,0,0,0,0,0,-,-,37.79114,-122.38601,"SAN FRANCISCO","SAN FRANCISCO",-122.38558986,37.79068594
90479125,2017,2017-06-15,9335,2017-06-02,0049,021649,,5,3,7,3801,0,1,1,,1,083,"I-80 E/B","SFOBB CENTER ANCHORAGE",38.00,W,N,A,-,Y,,,80,,,,,,E,Y,4,0,1,2,A,-,01,23152,A,N,C,C,A,A,H,-,C,D,0,,,,,Y,Y,A,01,0,0,1,0,0,0,0,0,0,-,-,37.79799,-122.37798,"SAN FRANCISCO","SAN FRANCISCO",-122.37806263,37.79807828
90479055,2017,2017-06-15,9335,2017-05-30,1700,018688,,2,2,7,3801,0,1,2,,2,013,"US-101 N/B","25TH ST. OVERPASS",1800.00,S,N,B,-,Y,,,101,,,,,,N,Y,3,0,1,2,A,-,07,21658,A,N,B,C,A,A,H,-,A,D,0,,,Y,,Y,,A,01,0,1,0,0,0,0,0,0,1,-,-,37.7476,-122.40425,"SAN FRANCISCO","SAN FRANCISCO",-122.40417613,37.74757698
90475242,2017,2017-06-15,9335,2017-06-05,0655,012827,,1,1,7,3801,0,1,1,,1,081,"I-80 W/B","TREASURE ISLAND.",600.00,W,N,A,-,Y,,,80,,,,,,W,Y,4,0,2,3,A,-,07,21658,A,N,B,C,A,A,H,-,A,D,0,,,,,Y,,A,07,0,0,2,0,0,0,0,0,0,-,-,37.80775,-122.36773,"SAN FRANCISCO","SAN FRANCISCO",-122.36762581,37.80764182
90475184,2017,2017-06-12,9335,2017-05-24,1750,021474,,3,2,7,3801,0,1,2,,2,014,"US-101 N/B","23RD ST. PEDESTRIAN O/C",280.00,N,N,A,-,Y,,,101,,,,,,N,N,4,0,1,2,A,-,03,22350,,N,C,C,A,A,H,-,A,D,0,,,,,Y,,D,22,0,0,1,0,0,0,0,0,0,-,-,37.75755,-122.404,"SAN FRANCISCO","SAN FRANCISCO",-122.40396657,37.75758368
90475072,2017,2017-06-12,9335,2017-06-01,1734,013738,,4,2,7,3801,0,1,2,,2,014,"US-101 S/B","CESAR CHAVEZ ST",200.00,S,N,A,-,Y,,,,,,,,,,Y,4,0,3,4,A,-,03,22350,,N,B,C,A,A,H,-,A,D,0,,,,,Y,,A,07,0,0,3,0,0,0,0,0,0,-,-,37.74871,-122.74871,"SAN FRANCISCO","SAN FRANCISCO",-122.40397918,37.74884548
90475068,2017,2017-06-12,9335,2017-06-01,1625,017672,,4,2,7,3801,0,1,1,,2,080,"I-80 E/B","5TH STREET ON-RAMP",75.00,W,N,A,-,Y,,,80,,,,,,E,Y,2,0,1,2,A,-,07,21658,A,N,B,C,A,A,H,-,A,D,0,,,Y,,Y,,D,22,1,0,0,0,0,0,0,0,1,-,-,37.78016,-122.39866,"SAN FRANCISCO","SAN FRANCISCO",-122.39863435,37.78012946
90475047,2017,2017-06-12,9335,2017-05-21,2245,021277,,7,3,7,3801,0,1,1,,2,022,"I-280 N/B","SAN JOSE AVENUE",560.00,S,N,A,-,Y,,,280,,,,,,N,Y,3,0,1,3,A,-,02,22400,A,F,E,I,A,A,H,-,D,D,0,,,,,Y,,-,99,0,1,0,0,0,0,0,0,0,-,-,37.71688,-122.44883,"SAN FRANCISCO","SAN FRANCISCO",-122.4487514,37.71684418
90475007,2017,2017-06-12,9335,2017-06-01,1615,018688,,4,2,7,3801,0,1,1,,2,023,"I-280 N/B","US-101 N/B PHYSICAL GORE POINT",200.00,S,N,A,-,Y,,,280,,,,,,N,Y,3,0,2,2,A,-,07,21658,A,N,C,C,A,A,H,-,A,A,0,,,,,Y,,D,22,0,1,1,0,0,0,0,0,0,-,-,37.73393,-122.41032,"SAN FRANCISCO","SAN FRANCISCO",-122.41030693,37.73389595
90475002,2017,2017-06-12,9335,2017-05-31,0818,012827,,3,1,7,3801,0,1,1,,2,080,"I-80 W/B","FREMONT/FOLSOM ST. OFF",200.00,W,N,A,-,Y,,,80,,,,,,W,N,4,0,1,2,A,-,03,22350,,N,B,C,A,A,H,-,A,D,0,,,Y,,Y,,C,02,0,0,1,0,0,0,0,0,1,-,-,37.78483,-122.39309,"SAN FRANCISCO","SAN FRANCISCO",-122.39306491,37.78476564
90474805,2017,2017-06-09,9335,2017-05-30,1620,021644,,2,2,7,3801,0,1,2,,2,013,"US-101 S/B TO SILVER AVE. OFF RAMP","SILVER AVE. O/C",330.00,S,N,A,-,Y,,,101,,,,R,,S,Y,4,0,2,4,A,-,03,22350,,N,C,C,A,A,H,-,A,A,0,,,,,Y,,D,22,0,0,2,0,0,0,0,0,0,-,-,37.73172,-122.40497,"SAN FRANCISCO","SAN FRANCISCO",-122.40497,37.73172
90474303,2017,2017-06-09,9335,2017-05-31,1752,021459,,3,2,7,3801,0,1,1,,2,023,"I-280 S/B","MISSION ST",460.00,S,N,B,-,Y,,,280,,,,,,S,N,4,0,1,2,A,-,03,22350,,M,C,C,A,A,H,-,A,D,0,,,,,Y,,A,01,0,0,1,0,0,0,0,0,0,-,-,37.73231,-122.4298,"SAN FRANCISCO","SAN FRANCISCO",-122.42980189,37.73229273
90474243,2017,2017-06-08,9335,2017-05-29,1210,021672,,1,1,7,3801,0,1,1,,2,022,"I-280 S/B","ALEMANY BLVD U/C",387.00,S,N,B,-,Y,,,280,,,,,,S,Y,4,0,1,1,A,-,08,22107,,N,E,I,A,A,H,-,A,D,0,,,,,Y,,A,01,0,0,1,0,0,0,0,0,0,-,-,37.71055,-122.4628,"SAN FRANCISCO","SAN FRANCISCO",-122.46279997,37.71054749
90474142,2017,2017-06-08,9335,2017-05-29,0322,021125,,1,3,7,3801,0,1,2,,2,014,"US-101 S/B TO CESAR CHAVEZ STREET","CESAR CHAVEZ ST. U/C",380.00,N,N,A,-,Y,,,101,,,,R,,S,Y,3,0,1,2,D,-,00,,,N,C,C,A,A,H,-,C,D,0,,,,,Y,,-,-,0,1,0,0,0,0,0,0,0,-,-,37.75044,-122.40378,"SAN FRANCISCO","SAN FRANCISCO",-122.40378,37.75044
90473876,2017,2017-06-08,9335,2017-05-26,1005,020212,,5,1,7,3801,0,1,1,,2,080,"I-80 E/B","ALAMEDA STREET",50.00,E,N,B,-,Y,,,80,,,,,,E,Y,4,0,3,3,A,-,07,21658,A,N,C,C,A,A,H,-,A,D,0,,,,,Y,,A,08,0,0,3,0,0,0,0,0,0,-,-,37.76869,-122.40513,"SAN FRANCISCO","SAN FRANCISCO",-122.40511674,37.76869129
90473410,2017,2017-06-08,9335,2017-05-29,2150,021459,,1,2,7,3801,0,1,1,,1,083,"I-80 E/B","YERBA BUENA ISLAND TUNNEL",4224.00,W,N,A,-,Y,,,80,,,,,,E,Y,3,0,1,1,A,-,01,23152,A,N,E,I,A,A,H,-,C,D,0,,,,,Y,Y,A,01,0,1,0,0,0,0,0,0,0,-,-,37.80021,-122.37609,"SAN FRANCISCO","SAN FRANCISCO",-122.37590851,37.8000089
90471429,2017,2017-06-06,9335,2017-05-27,1345,021436,,6,1,7,3801,0,1,1,,1,083,"I-80 E/B","YERBA BUENA ISLAND TUNNEL",2112.00,E,N,A,-,Y,,,80,,,,,,E,Y,4,0,2,3,A,-,03,22350,,N,C,C,A,A,H,-,A,D,0,,,,,Y,,A,01,0,0,2,0,0,0,0,0,0,-,-,37.81427,-122.35994,"SAN FRANCISCO","SAN FRANCISCO",-122.35999259,37.81436044
90470533,2017,2017-06-05,9335,2017-04-25,0403,019737,,2,3,7,3801,0,1,2,,2,014,"US-101 S/B","15TH ST",108.00,S,N,B,-,Y,,,101,,,,,,S,Y,4,0,1,2,A,-,08,22107,,N,C,C,A,A,H,-,D,D,0,,,,,Y,,A,01,0,0,1,0,0,0,0,0,0,-,-,37.7669,-122.4053,"SAN FRANCISCO","SAN FRANCISCO",-122.40537548,37.76689026
90470521,2017,2017-06-05,9335,2017-05-24,1240,021424,,3,1,7,3801,0,1,2,,2,015,"US-101 N/B","FOLSOM ST",340.00,N,N,A,-,Y,,,101,,,,,,N,Y,4,0,1,2,A,-,07,21658,A,N,B,C,A,A,H,-,A,D,0,,,Y,,Y,,A,01,0,0,1,0,0,0,0,0,1,-,-,37.76971,-122.41665,"SAN FRANCISCO","SAN FRANCISCO",-122.41664658,37.76974841
90470488,2017,2017-06-05,9335,2017-05-25,1535,012827,,4,2,7,3801,0,1,1,,1,083,"I-80 E/B","1ST STREET ON-RAMP",300.00,E,N,A,-,Y,,,80,,,,,,E,Y,4,0,1,2,A,-,07,21658,A,N,B,C,A,A,H,-,A,D,0,,,Y,,Y,,A,07,0,0,1,0,0,0,0,0,1,-,-,37.78579,-122.39149,"SAN FRANCISCO","SAN FRANCISCO",-122.39139339,37.78562703
90470381,2017,2017-06-05,9335,2017-05-24,1730,021672,,3,2,7,3801,0,1,1,,2,022,"I-280 N/B FROM SICKLES AVENUE","SOUTH ROADWAY EDGE OF SICKLES AVE U/C",158.00,S,N,A,-,Y,,,280,,,,R,,N,Y,4,0,1,2,A,-,03,22350,,N,C,C,A,A,H,-,A,D,0,,,,,Y,,A,01,0,0,1,0,0,0,0,0,0,-,-,37.71058,-122.45586,"SAN FRANCISCO","SAN FRANCISCO",-122.45586,37.71058
90470296,2017,2017-06-05,9335,2017-05-22,2230,020991,,1,3,7,3801,0,1,2,,2,014,"US-101 S/B","22ND ST. O/C",303.00,S,N,B,-,Y,,,101,,,,,,S,Y,4,0,3,3,A,-,03,22350,,N,C,C,A,A,H,-,D,D,0,,,,,Y,,A,01,0,0,3,0,0,0,0,0,0,-,-,37.75599,-122.40344,"SAN FRANCISCO","SAN FRANCISCO",-122.40329395,37.75601194
90470057,2017,2017-06-02,9335,2017-05-20,1944,021125,,6,2,7,3801,0,1,2,,2,013,"US-101 S/B","SILVER AVE OVER-CROSSING",565.00,N,N,A,-,Y,,,101,,,,,,S,Y,2,0,1,3,A,-,07,21658,A,F,B,C,A,A,H,-,A,D,0,,,Y,,Y,,-,99,1,0,0,0,0,0,0,0,1,-,-,37.73411,-122.40623,"SAN FRANCISCO","SAN FRANCISCO",-122.40621391,37.73412009
90469229,2017,2017-06-01,9335,2017-05-12,1900,019631,,5,2,7,3801,0,1,2,,2,015,"US-101 S/B","BRYANT ST",575.00,S,N,B,-,Y,,,101,,,,,,S,N,4,0,1,4,A,-,08,22107,,F,C,C,E,A,H,-,A,D,0,Y,,,,Y,,D,22,0,0,1,0,1,0,0,0,0,-,-,37.76898,-122.40893,"SAN FRANCISCO","SAN FRANCISCO",-122.4089316,37.76897401
90469213,2017,2017-06-01,9335,2017-05-19,2245,021222,,5,3,7,3801,0,1,2,,2,013,"US-101 SOUTHBOUND","BLANKEN AVE",310.00,N,N,A,-,Y,,,101,,,,,,S,Y,2,0,2,2,A,-,01,23152,A,N,C,C,A,A,H,-,C,D,0,,,,,Y,Y,A,01,1,1,0,0,0,0,0,0,0,-,-,37.71183,-122.39591,"SAN FRANCISCO","SAN FRANCISCO",-122.39596448,37.71181136
90466033,2017,2017-05-29,9335,2017-05-15,1000,021390,,1,1,7,3801,0,1,1,,2,023,"I-280 N/B TO US-101 S/B","ALEMANY BLVD. O/C",1050.00,N,N,A,-,Y,,,280,,,,R,,N,Y,3,0,2,2,A,-,07,21658,A,F,E,A,A,A,H,-,C,D,0,,,,,Y,,-,99,0,1,1,0,0,0,0,0,0,-,-,37.7334,-122.4113,"SAN FRANCISCO","SAN FRANCISCO",-122.4113,37.7334
90465797,2017,2017-05-26,9335,2017-05-20,0002,021293,,6,3,7,3801,0,1,2,,2,013,"US-101 S/B","BLANKEN AVE UNDERCROSSING",316.00,N,N,A,-,Y,,,101,,,,,,S,Y,4,0,1,3,A,-,08,22107,,N,D,C,A,A,H,-,C,D,0,,,,Y,Y,,A,01,0,0,1,0,0,0,0,0,0,-,-,37.71178,-122.39602,"SAN FRANCISCO","SAN FRANCISCO",-122.3959607,37.71180029
90465796,2017,2017-05-26,9335,2017-05-12,1615,021455,,5,2,7,3801,0,1,2,,2,013,"US-101 N/B","CESAR CHAVEZ ST",1584.00,S,N,A,-,Y,,,101,,,,,,N,N,4,0,2,4,A,-,03,22350,,M,C,C,A,A,H,-,A,D,0,,,,,Y,,A,07,0,0,2,0,0,0,0,0,0,-,-,37.7451,-122.40499,"SAN FRANCISCO","SAN FRANCISCO",-122.40499275,37.7451009
90465772,2017,2017-05-26,9335,2017-04-19,1500,021284,,3,2,7,3801,0,1,1,,2,080,"I-80 E/B FROM 8TH ST","8TH ST U/C",243.00,E,N,A,-,Y,,,80,,,,R,,E,N,4,0,1,2,A,-,07,21658,A,M,B,C,A,A,H,-,A,D,0,,,Y,,Y,,A,01,0,0,1,0,0,0,0,0,1,-,-,37.7733,-122.40667,"SAN FRANCISCO","SAN FRANCISCO",-122.40667,37.7733
90465690,2017,2017-05-26,9335,2017-05-19,0208,021341,,5,3,7,3801,0,1,2,,2,013,"US-101 S/B","COW PALACE OFF-RAMP",440.00,N,N,A,-,Y,,,101,,,,,,S,Y,4,0,1,1,A,-,03,22350,,N,E,J,A,A,H,-,C,D,0,,,,,Y,,A,01,0,0,1,0,0,0,0,0,0,-,-,37.72153,-122.40051,"SAN FRANCISCO","SAN FRANCISCO",-122.40049155,37.72153677
90465531,2017,2017-05-26,9335,2017-05-18,1620,021646,,4,2,7,3801,0,1,2,,2,014,"US-101 N/B","22TH STREET PEDESTRIAN OVERCROSSING",440.00,N,N,A,-,Y,,,101,,,,,,N,Y,4,0,1,2,A,-,03,22350,,N,C,C,A,A,A,-,A,D,0,,,Y,,Y,,C,02,0,0,1,0,0,0,0,0,1,-,-,37.7579,-122.4043,"SAN FRANCISCO","SAN FRANCISCO",-122.40431874,37.75787423
90464018,2017,2017-05-25,9335,2017-05-17,0735,021424,,3,1,7,3801,0,1,1,,2,023,"I-280 S/B","MISSION ST",250.00,S,N,A,-,Y,,,280,,,,,,S,Y,4,0,1,2,A,-,03,22350,,F,C,C,A,A,H,-,A,D,0,,,,,Y,,A,01,0,0,1,0,0,0,0,0,0,-,-,37.73222,-122.42899,"SAN FRANCISCO","SAN FRANCISCO",-122.4289965,37.73218127
90463130,2017,2017-05-25,9335,2017-05-16,1330,012827,,2,1,7,3801,0,1,1,,2,080,"I-80 E/B","4TH STREET",500.00,E,N,A,B,Y,,,80,,,,,,E,N,4,0,1,2,A,-,03,22350,,N,C,C,A,A,H,-,A,D,0,,,,,Y,,A,01,0,0,1,0,0,0,0,0,0,-,-,37.78109,-122.39745,"SAN FRANCISCO","SAN FRANCISCO",-122.39746669,37.78110988
90463123,2017,2017-05-25,9350,2017-05-17,0724,021564,,3,1,7,3801,0,1,2,,1,120,"US-101 S/B (EAST SIDEWALK OF GGB)","NORTH TOWER",150.00,S,N,A,-,N,,,101,,,,R,,S,N,3,0,2,2,B,-,22,,,N,H,G,A,A,H,-,A,D,0,,Y,,,Y,,L,04,0,1,1,0,0,0,2,0,0,-,-,37.8253,-122.4791,"SAN FRANCISCO","SAN FRANCISCO",-122.4791,37.8253
90462996,2017,2017-05-24,9335,2017-05-13,0745,019799,,6,1,7,3801,0,1,2,,2,014,"US-101 S/B","23RD ST O/C",200.00,N,N,A,-,Y,,,101,,,,,,S,Y,3,0,4,3,A,-,03,22350,,N,C,C,A,A,H,-,A,D,0,,,,,Y,,A,01,0,2,2,0,0,0,0,0,0,-,-,37.75512,-122.40317,"SAN FRANCISCO","SAN FRANCISCO",-122.40319732,37.75511749
90462448,2017,2017-05-24,9335,2017-05-15,1235,021424,,1,1,7,3801,0,1,2,,2,013,"US-101 N/B","PAUL AVE",190.00,S,N,A,-,Y,,,101,,,,,,N,N,4,0,1,2,A,-,03,22350,,N,C,C,A,A,H,-,A,D,0,,,,,Y,,A,01,0,0,1,0,0,0,0,0,0,-,-,37.7231,-122.40083,"SAN FRANCISCO","SAN FRANCISCO",-122.40082672,37.72310132
90462408,2017,2017-05-24,9335,2017-05-15,1125,021474,,1,1,7,3801,0,1,2,,2,015,"US-101 N/B","FOLSOM ST. U/C",35.00,S,N,A,-,Y,,,101,,,,,,N,N,4,0,1,2,A,-,03,22350,,N,C,C,A,A,H,-,A,D,0,,,,,Y,,A,01,0,0,1,0,0,0,0,0,0,-,-,37.76962,-122.41537,"SAN FRANCISCO","SAN FRANCISCO",-122.41536868,37.76965696
90462216,2017,2017-05-23,9335,2017-05-01,0327,020888,,1,3,7,3801,0,1,2,,2,015,"US-101 S/B FROM MARKET ST","MARKET ST",100.00,S,N,A,-,Y,,,101,,,,R,,S,N,1,1,1,2,A,-,11,21954,A,F,G,B,E,A,H,-,C,A,0,Y,,,,Y,,N,60,0,1,0,1,0,0,0,0,0,-,-,37.77153,-122.42325,"SAN FRANCISCO","SAN FRANCISCO",-122.42325,37.77153
90459934,2017,2017-05-22,9335,2017-05-13,1230,020212,,6,1,7,3801,0,1,1,,2,024,"I-280 N/B","MCKINNON AVE",30.00,N,N,A,-,Y,,,280,,,,,,N,N,4,0,2,2,A,-,03,22350,,F,C,C,A,A,H,-,A,D,0,,,,,Y,,A,01,0,0,2,0,0,0,0,0,0,-,-,37.74121,-122.39854,"SAN FRANCISCO","SAN FRANCISCO",-122.39854569,37.74121512
90459717,2017,2017-05-19,9335,2017-05-13,0720,020157,,6,1,7,3801,0,1,1,,2,024,"I-280 N/B","16TH ST. U/C",200.00,N,N,A,-,Y,,,280,,,,,,N,Y,4,0,1,1,A,-,08,22107,,N,E,I,A,A,H,-,A,D,0,,,,,Y,,A,07,0,0,1,0,0,0,0,0,0,-,-,37.76715,-122.3953,"SAN FRANCISCO","SAN FRANCISCO",-122.39524931,37.76721002
90459094,2017,2017-05-19,9335,2017-05-11,1814,013738,,4,2,7,3801,0,1,1,,1,083,"I-80 E/B (SFOBB)","SAN FRANCISCO/ALAMEDA COUNTY LINE",500.00,W,N,A,-,Y,,,80,,,,,,E,Y,4,0,1,2,A,-,07,21658,A,N,B,C,A,A,H,-,A,D,0,,,Y,,Y,,A,07,0,0,1,0,0,0,0,0,1,-,-,37.81864,-122.35115,"SAN FRANCISCO","SAN FRANCISCO",-122.3511344,37.8185772
90459068,2017,2017-05-19,9335,2017-05-10,0850,021626,,3,1,7,3801,0,1,1,,1,083,"I-80 E/B","THE EMBARCADERO U/C",135.00,W,N,A,-,Y,,,80,,,,,,E,Y,4,0,1,1,A,-,08,22107,,N,E,I,A,A,H,-,A,D,0,,,,,Y,,A,01,0,0,1,0,0,0,0,0,0,-,-,37.7881,-122.38847,"SAN FRANCISCO","SAN FRANCISCO",-122.38845114,37.78807921
90458737,2017,2017-05-18,9335,2017-05-10,1355,012827,,3,1,7,3801,0,1,1,,2,080,"I-80 E/B","7TH STREET OFF",100.00,W,N,A,B,Y,,,80,,,,,,E,N,4,0,1,2,A,-,03,22350,,N,C,C,A,A,H,-,A,D,0,,,,,Y,,A,01,0,0,1,0,0,0,0,0,0,-,-,37.77328,-122.40652,"SAN FRANCISCO","SAN FRANCISCO",-122.40656909,37.7732879
90457297,2017,2017-05-16,9335,2017-05-02,0850,018399,,2,1,7,3801,0,1,1,,1,083,"I-80 E/B","TREASURE ISLAND RD",1000.00,E,N,A,-,Y,,,80,,,,,,E,Y,4,0,1,3,A,-,03,22350,,N,C,C,A,A,H,-,A,D,0,,,,,Y,,A,07,0,0,1,0,0,0,0,0,0,-,-,37.81114,-122.36399,"SAN FRANCISCO","SAN FRANCISCO",-122.36414025,37.81129032