CASE_ID,ACCIDENT_YEAR,PROC_DATE,JURIS,COLLISION_DATE,COLLISION_TIME,OFFICER_ID,REPORTING_DISTRICT,DAY_OF_WEEK,CHP_SHIFT,POPULATION,CNTY_CITY_LOC,SPECIAL_COND,BEAT_TYPE,CHP_BEAT_TYPE,CITY_DIVISION_LAPD,CHP_BEAT_CLASS,BEAT_NUMBER,PRIMARY_RD,SECONDARY_RD,DISTANCE,DIRECTION,INTERSECTION,WEATHER_1,WEATHER_2,STATE_HWY_IND,CALTRANS_COUNTY,CALTRANS_DISTRICT,STATE_ROUTE,ROUTE_SUFFIX,POSTMILE_PREFIX,POSTMILE,LOCATION_TYPE,RAMP_INTERSECTION,SIDE_OF_HWY,TOW_AWAY,COLLISION_SEVERITY,NUMBER_KILLED,NUMBER_INJURED,PARTY_COUNT,PRIMARY_COLL_FACTOR,PCF_CODE_OF_VIOL,PCF_VIOL_CATEGORY,PCF_VIOLATION,PCF_VIOL_SUBSECTION,HIT_AND_RUN,TYPE_OF_COLLISION,MVIW,PED_ACTION,ROAD_SURFACE,ROAD_COND_1,ROAD_COND_2,LIGHTING,CONTROL_DEVICE,CHP_ROAD_TYPE,PEDESTRIAN_ACCIDENT,BICYCLE_ACCIDENT,MOTORCYCLE_ACCIDENT,TRUCK_ACCIDENT,NOT_PRIVATE_PROPERTY,ALCOHOL_INVOLVED,STWD_VEHTYPE_AT_FAULT,CHP_VEHTYPE_AT_FAULT,COUNT_SEVERE_INJ,COUNT_VISIBLE_INJ,COUNT_COMPLAINT_PAIN,COUNT_PED_KILLED,COUNT_PED_INJURED,COUNT_BICYCLIST_KILLED,COUNT_BICYCLIST_INJURED,COUNT_MC_KILLED,COUNT_MC_INJURED,PRIMARY_RAMP,SECONDARY_RAMP,LATITUDE,LONGITUDE,COUNTY,CITY,POINT_X,POINT_Y
90366385,2017,2017-01-11,9335,2017-01-03,1355,021436,,2,1,7,3801,0,1,1,,1,081,"I-80 W/B","YERBA BUENA ISLAND TUNNEL",2745.00,E,N,C,-,Y,,,80,,,,,,W,Y,4,0,1,1,A,-,03,22350,,N,E,I,A,B,H,-,A,D,0,,,,,Y,,A,01,0,0,1,0,0,0,0,0,0,-,-,37.81553,-122.35845,"SAN FRANCISCO","SAN FRANCISCO",-122.35854252,37.81568796
90366384,2017,2017-01-11,9335,2017-01-03,1635,014739,,2,2,7,3801,0,1,1,,2,080,"I-80 E/B","7TH STREET",100.00,W,N,B,C,Y,,,80,,,,,,E,N,4,0,1,2,A,-,03,22350,,N,C,C,A,B,H,-,B,D,0,,,,,Y,,D,22,0,0,1,0,0,0,0,0,0,-,-,37.77455,-122.40606,"SAN FRANCISCO","SAN FRANCISCO",-122.40607479,37.77455927
90366370,2017,2017-02-13,9335,2017-01-01,0050,021328,,7,3,7,3801,0,1,2,,2,015,"US-101 S/B","HARRISON ST. UNDERCROSSING",678.00,S,N,A,-,Y,,,101,,,,,,S,Y,4,0,1,3,A,-,04,21703,,N,C,C,A,A,H,-,D,D,0,,,,,Y,,A,01,0,0,1,0,0,0,0,0,0,-,-,37.76933,-122.41092,"SAN FRANCISCO","SAN FRANCISCO",-122.41091972,37.76933195
90363818,2017,2017-01-09,9335,2017-01-01,1230,021455,,7,1,7,3801,0,1,2,,2,013,"US-101 N/B","CESAR CHAVEZ ST. U/C",470.00,S,N,A,-,Y,,,101,,,,,,N,Y,4,0,1,4,A,-,03,22350,,N,C,C,A,A,H,-,A,D,0,,,,,Y,,A,01,0,0,1,0,0,0,0,0,0,-,-,37.74804,-122.40407,"SAN FRANCISCO","SAN FRANCISCO",-122.40403523,37.74802917
8666881,2017,2018-07-20,3801,2017-12-05,1230,1165,,2,5,7,3801,0,0,0,,0,3E13A,"POLK ST","TURK ST",0.00,,Y,A,-,N,,,,,,,,,,N,3,0,1,2,A,-,08,22107,,N,B,J,A,A,H,-,A,A,0,,Y,,,Y,,A,01,0,1,0,0,0,0,1,0,0,-,-,,,"SAN FRANCISCO","SAN FRANCISCO",-122.41899994,37.78216997
8661215,2017,2018-07-30,3801,2017-06-02,1811,668,,5,5,7,3801,0,0,0,,0,3B5D,"KING ST","5TH ST",0.00,,Y,A,-,N,,,,,,,,,,N,4,0,1,2,A,-,08,22101,D,N,D,F,A,A,H,-,A,A,0,,,,,Y,,A,01,0,0,1,0,0,0,0,0,0,-,-,,,"SAN FRANCISCO","SAN FRANCISCO",-122.39634994,37.77465994
8637032,2017,2018-06-26,3801,2017-05-16,1839,002244,CENTR,2,5,7,3801,0,0,0,,0,3A15D,"MARKET ST","SUTTER ST",15.00,E,N,A,-,N,,,,,,,,,,N,4,0,1,2,A,-,04,21703,,N,C,G,A,A,H,-,A,D,0,,Y,,,Y,,L,04,0,0,1,0,0,0,1,0,0,-,-,,,"SAN FRANCISCO","SAN FRANCISCO",-122.40010226,37.7903283
8615781,2017,2018-06-14,3801,2017-08-27,2143,2204,NORTH,7,5,7,3801,0,0,0,,0,3E15E,"VAN NESS AV","CALIFORNIA ST",0.00,,Y,A,-,Y,SF,4,101,-,-,5.940,I,5,N,Y,4,0,1,2,A,-,12,21453,A,N,D,C,A,A,-,-,C,A,0,,,,,Y,,A,01,0,0,1,0,0,0,0,0,0,-,-,,,"SAN FRANCISCO","SAN FRANCISCO",-122.42223781,37.79037771
8612056,2017,2018-05-07,3801,2017-12-26,0153,1375,MISSI,2,5,7,3801,0,0,0,,0,3D16E,"13TH ST","SOUTH VAN NESS AV",0.00,,Y,A,-,N,,,,,,,,,,Y,4,0,3,2,A,-,12,21453,A,N,F,C,A,A,H,-,C,A,0,,,,,Y,,A,01,0,0,3,0,0,0,0,0,0,-,-,,,"SAN FRANCISCO","SAN FRANCISCO",-122.41776996,37.76971998
8601624,2017,2018-04-26,3801,2017-11-09,1100,A20689,SOUTH,4,5,7,3801,0,0,0,,0,3B12B,"9TH ST","HARRISON ST",0.00,,-,A,-,N,,,,,,,,,,Y,4,0,1,2,A,-,08,22107,,N,C,C,A,A,H,-,A,A,0,,,Y,,Y,Y,A,01,0,0,1,0,0,0,0,0,1,-,-,,,"SAN FRANCISCO","SAN FRANCISCO",-122.41004996,37.77252996
8573845,2017,2018-03-14,3801,2017-02-07,1515,964,NORTH,2,5,7,3801,0,0,0,,0,3E45C,"LAGUNA ST","GEARY BL",0.00,,Y,A,-,N,,,,,,,,,,N,3,0,1,2,A,-,10,21950,A,N,G,B,B,A,H,-,A,A,0,Y,,,,Y,,A,01,0,1,0,0,1,0,0,0,0,-,-,,,"SAN FRANCISCO","SAN FRANCISCO",-122.42799999,37.78503992
8572840,2017,2018-03-14,3801,2017-02-05,0915,4006,TARAV,7,5,7,3801,0,0,0,,0,3I11A,"LINCOLN WY","10TH AV",0.00,,Y,A,-,N,,,,,,,,,,N,4,0,1,2,A,-,09,21801,A,N,D,C,A,A,H,-,A,D,0,,,,,Y,,A,01,0,0,1,0,0,0,0,0,0,-,-,,,"SAN FRANCISCO","SAN FRANCISCO",-122.46749986,37.76587994
8572700,2017,2018-03-14,3801,2017-10-31,1348,1075,NORTH,2,5,7,3801,0,0,0,,0,3E27,"POLK ST","EDDY ST",36.00,S,N,A,-,N,,,,,,,,,,N,4,0,1,2,A,-,03,22350,,N,C,C,A,A,H,-,A,A,0,,,,,Y,,A,01,0,0,1,0,0,0,0,0,0,-,-,,,"SAN FRANCISCO","SAN FRANCISCO",-122.41916067,37.7829823
8560097,2017,2018-02-22,3801,2017-11-16,0633,1990,SOUTH,4,5,7,3801,0,0,0,,0,3CAR,"7TH ST","FOLSOM ST",0.00,,Y,C,-,N,,,,,,,,,,N,3,0,1,2,A,-,10,21950,A,N,G,B,B,B,H,-,C,A,0,Y,,,,Y,,A,01,0,1,0,0,1,0,0,0,0,-,-,,,"SAN FRANCISCO","SAN FRANCISCO",-122.40784985,37.77676989
8560089,2017,2018-02-23,3801,2017-11-27,1327,933,INGLE,1,5,7,3801,0,0,0,,0,3H12C,"AMAZON AV","PARIS ST",0.00,,Y,A,-,N,,,,,,,,,,N,4,0,1,2,A,-,10,21950,A,N,A,B,B,A,H,-,A,-,0,Y,,,,Y,,-,,0,0,1,0,1,0,0,0,0,-,-,,,"SAN FRANCISCO","SAN FRANCISCO",-122.43874987,37.71661996
8560085,2017,2018-02-23,3801,2017-11-28,1750,A23067,INGLE,2,5,7,3801,0,0,0,,0,3H14D,"ALEMANY BL","COTTER ST",0.00,,Y,A,-,N,,,,,,,,,,Y,4,0,3,2,A,-,10,21950,A,N,D,C,A,A,H,-,C,D,0,,,,,Y,,A,01,0,0,3,0,0,0,0,0,0,-,-,,,"SAN FRANCISCO","SAN FRANCISCO",-122.43501997,37.72819992
8560081,2017,2018-02-23,3801,2017-11-14,1854,A03640,SOUTH,2,5,7,3801,0,0,0,,0,3B15C,"16TH ST","CONNECTICUT ST",0.00,,Y,A,-,N,,,,,,,,,,,3,0,1,2,A,-,03,22350,,N,C,C,A,A,H,-,C,D,0,,,Y,,Y,,A,01,0,1,0,0,0,0,0,0,1,-,-,,,"SAN FRANCISCO","SAN FRANCISCO",-122.39783995,37.76637996
8559920,2017,2018-02-23,3801,2017-11-19,1815,233,CENTR,7,5,7,3801,0,0,0,,0,0A4,"BAY ST","POWELL ST",0.00,,Y,A,-,N,,,,,,,,,,Y,4,0,1,3,A,-,03,22350,,N,D,D,A,A,H,-,C,A,0,,,,,Y,,A,01,0,0,1,0,0,0,0,0,0,-,-,,,"SAN FRANCISCO","SAN FRANCISCO",-122.41193995,37.80583996
8559916,2017,2018-02-22,3801,2017-11-18,1426,2731,RICHM,6,5,7,3801,0,0,0,,0,3G15A,"PINE ST","PRESIDIO AV",0.00,,Y,A,-,N,,,,,,,,,,N,4,0,1,2,A,-,08,22100,B,N,B,C,A,A,H,-,A,A,0,,,Y,,Y,,A,01,0,0,1,0,0,0,0,0,1,-,-,,,"SAN FRANCISCO","SAN FRANCISCO",-122.44659989,37.78628997
8559912,2017,2018-02-22,3801,2017-11-12,1735,A11196,3I,7,5,7,3801,0,0,0,,0,3I16D,"JUNIPERO SERRA BL","HOLLOWAY AV",0.00,,Y,A,-,N,,,,,,,,,,Y,4,0,1,2,A,-,10,21950,A,N,G,B,B,A,H,-,C,A,0,Y,,,,Y,,A,01,0,0,1,0,1,0,0,0,0,-,-,,,"SAN FRANCISCO","SAN FRANCISCO",-122.4726699,37.72156989
8558113,2017,2018-06-25,3801,2017-12-03,1724,2338,BAYVI,7,5,7,3801,0,0,0,,0,002,"BAYSHORE AV","OAKDALE AV",290.00,S,N,-,-,N,,,,,,,,,,N,4,0,1,2,-,-,-,,,N,-,-,A,-,-,-,-,-,0,,,,,Y,,-,-,0,0,1,0,0,0,0,0,0,-,-,,,"SAN FRANCISCO","SAN FRANCISCO",-122.40575487,37.742366
8556816,2017,2018-03-07,3801,2017-07-16,0110,845,CENTR,7,5,7,3801,0,0,0,,0,4B1F,"HYDE ST","POST ST",15.00,N,N,A,-,N,,,,,,,,,,N,4,0,1,2,B,-,22,,,N,H,A,A,A,H,-,C,A,0,,,,,Y,,J,43,0,0,1,0,0,0,0,0,0,-,-,,,"SAN FRANCISCO","SAN FRANCISCO",-122.41662831,37.78729068
8556698,2017,2018-03-08,3801,2017-12-09,1607,2111,MISSI,6,5,7,3801,0,0,0,,0,3D15D,"16TH ST","BRYANT ST",0.00,,Y,A,-,N,,,,,,,,,,N,3,0,1,2,A,-,09,21804,A,N,E,C,A,A,H,-,A,D,0,,,,,Y,,-,-,0,1,0,0,0,0,0,0,0,-,-,,,"SAN FRANCISCO","SAN FRANCISCO",-122.41051998,37.76558997
8553439,2017,2018-02-21,3801,2017-07-14,2140,1695,NORTH,5,5,7,3801,0,0,0,,0,COE2CA,"GEARY BL","LAGUNA ST",0.00,,Y,A,-,N,,,,,,,,,,Y,4,0,2,2,A,-,08,22101,D,N,A,C,A,A,H,-,C,A,0,,,,,Y,,-,,0,0,2,0,0,0,0,0,0,-,-,,,"SAN FRANCISCO","SAN FRANCISCO",-122.42799999,37.78503992
8553396,2017,2018-02-20,3801,2017-12-06,1105,2403,CENTR,3,5,7,3801,0,0,0,,0,3A15A,"MARKET ST","MAIN ST",0.00,,Y,A,-,N,,,,,,,,,,N,3,0,1,2,A,-,21,22106,,N,G,B,B,-,H,-,A,A,0,Y,,,,Y,,A,01,0,1,0,0,1,0,0,0,0,-,-,,,"SAN FRANCISCO","SAN FRANCISCO",-122.39653993,37.7930999
8553392,2017,2018-02-20,3801,2017-12-14,1148,A22254,TENDE,4,5,7,3801,0,0,0,,0,3J15A,"TAYLOR ST","OFARRELL ST",0.00,,Y,A,-,N,,,,,,,,,,Y,4,0,1,2,A,-,08,22107,,N,B,C,A,A,H,-,A,D,0,,,,,Y,,A,01,0,0,1,0,0,0,0,0,0,-,-,,,"SAN FRANCISCO","SAN FRANCISCO",-122.41131997,37.78601989
8553388,2017,2018-02-20,3801,2017-12-01,1349,1990,SOUTH,5,5,7,3801,0,0,0,,0,4CAR,"OTIS ST",MCCOPPIN,0.00,,Y,A,-,N,,,,,,,,,,N,4,0,2,2,A,-,12,21457,A,N,B,C,A,A,H,-,A,A,0,,,,,Y,,A,01,0,0,2,0,0,0,0,0,0,-,-,,,"SAN FRANCISCO","SAN FRANCISCO",-122.42032998,37.77177999
8553380,2017,2018-02-20,3801,2017-12-31,2319,1396,SOUTH,7,5,7,3801,0,0,0,,0,3B11E,"NEW MONTGOMERY ST","HOWARD ST",0.00,,Y,A,-,N,,,,,,,,,,N,4,0,1,2,A,-,08,22101,D,F,D,C,A,A,H,-,C,A,0,,,,,Y,,A,01,0,0,1,0,0,0,0,0,0,-,-,,,"SAN FRANCISCO","SAN FRANCISCO",-122.3989899,37.78621995
8553375,2017,2018-02-21,3801,2017-10-23,1553,A20689,SOUTH,1,5,7,3801,0,0,0,,0,3B14B,"MISSION ST","7TH ST",0.00,,Y,A,-,N,,,,,,,,,,Y,3,0,1,2,A,-,08,22101,D,N,D,C,A,A,H,-,A,A,0,,,Y,,Y,Y,A,01,0,1,0,0,0,0,0,0,1,-,-,,,"SAN FRANCISCO","SAN FRANCISCO",-122.41089991,37.7792099
8553372,2017,2018-02-20,3801,2017-12-30,1910,A03640,SOUTH,6,5,7,3801,0,0,0,,0,3B15B,"FOLSOM ST","6TH ST",0.00,,Y,-,-,N,,,,,,,,,,N,4,0,1,2,A,-,10,21950,A,N,G,B,B,-,-,-,-,-,0,Y,,,,Y,Y,A,01,0,0,1,0,1,0,0,0,0,-,-,,,"SAN FRANCISCO","SAN FRANCISCO",-122.40559986,37.7785
8553368,2017,2018-03-05,3801,2017-12-21,2100,219,CENTR,4,5,7,3801,0,0,0,,0,3A14D,"COLUMBUS AV","GREENWICH ST",0.00,,Y,A,-,N,,,,,,,,,,N,3,0,1,2,D,-,00,,,F,G,B,E,-,H,-,C,A,0,Y,,,,Y,,-,-,0,1,0,0,1,0,0,0,0,-,-,,,"SAN FRANCISCO","SAN FRANCISCO",-122.41253999,37.8019299
8552747,2017,2018-02-12,3801,2017-11-27,1035,2168,MISSI,1,5,7,3801,0,0,0,,0,3D16A,"16TH ST","HARRISON ST",0.00,,Y,A,-,N,,,,,,,,,,N,4,0,1,2,A,-,09,21801,A,N,D,G,A,A,H,-,A,A,0,,Y,,,Y,,-,,0,0,1,0,0,0,1,0,0,-,-,,,"SAN FRANCISCO","SAN FRANCISCO",-122.41314996,37.76544994
8552743,2017,2018-02-12,3801,2017-11-13,2356,2736,CENTR,1,5,7,3801,0,0,0,,0,3A15E,"MARKET ST","MAIN ST",0.00,,Y,A,-,N,,,,,,,,,,Y,4,0,2,2,A,-,12,21453,A,N,D,C,A,B,H,-,C,A,0,,,,,Y,Y,A,01,0,0,2,0,0,0,0,0,0,-,-,,,"SAN FRANCISCO","SAN FRANCISCO",-122.39653993,37.7930999
8543520,2017,2018-06-15,3801,2017-12-07,2131,A21394,NORTH,4,5,7,3801,0,0,0,,0,3E16E,"LOMBARD ST","GOUGH ST",0.00,,Y,A,-,Y,SF,4,101,-,-,6.890,H,-,N,Y,4,0,1,2,A,-,03,22350,,F,C,C,A,A,H,-,C,A,0,,,,,Y,Y,A,07,0,0,1,0,0,0,0,0,0,-,-,,,"SAN FRANCISCO","SAN FRANCISCO",-122.42775144,37.80096663
8543516,2017,2018-06-08,3801,2017-12-18,1402,4372,MISSI,1,5,7,3801,0,0,0,,0,"6 CAR","16TH ST","POTRERO AV",150.00,W,N,A,-,N,,,,,,,,,,Y,4,0,1,2,A,-,21,22106,,F,D,C,A,A,H,-,A,A,0,,,,,Y,,A,01,0,0,1,0,0,0,0,0,0,-,-,,,"SAN FRANCISCO","SAN FRANCISCO",-122.40807723,37.76573519
8543512,2017,2018-06-14,3801,2017-12-05,0946,319,RICHM,2,5,7,3801,0,0,0,,0,3G13A,"PARK PRESIDIO BL","CROSSOVER DR",300.00,N,N,A,-,Y,SF,4,1,-,-,4.550,H,-,N,N,4,0,1,2,A,-,03,22350,,N,H,A,A,A,H,-,A,A,0,,,Y,,Y,,C,02,0,0,1,0,0,0,0,0,0,-,-,,,"SAN FRANCISCO","SAN FRANCISCO",-122.47909375,37.7720312
8543508,2017,2018-06-29,3801,2017-12-03,0100,1986,NORTH,7,5,7,3801,0,0,0,,0,3E15A,"VAN NESS AV","UNION ST",0.00,,Y,A,-,Y,SF,4,101,-,-,6.500,H,-,S,N,3,0,1,2,A,-,10,21950,A,N,G,B,B,A,H,-,C,-,0,Y,,,,Y,,A,07,0,1,0,0,1,0,0,0,0,-,-,,,"SAN FRANCISCO","SAN FRANCISCO",-122.42406676,37.79839638
8543501,2017,2018-06-08,3801,2017-12-08,0745,1917,TARAV,5,5,7,3801,0,0,0,,0,3I16A,"JUNIPERO SERRA BL","19TH AV",1000.00,S,N,A,-,N,,,,,,,,,,Y,4,0,1,3,A,-,03,22350,,F,C,C,A,A,H,-,A,D,0,,,,,Y,,A,07,0,0,1,0,0,0,0,0,0,-,-,,,"SAN FRANCISCO","SAN FRANCISCO",-122.47182338,37.71453049
8543497,2017,2018-06-08,3801,2017-12-16,1540,2450,INGLE,6,5,7,3801,0,0,0,,0,3H11C,"MONTEREY BL","HAZELWOOD ST",0.00,,Y,A,-,N,,,,,,,,,,Y,4,0,3,2,A,-,09,21802,A,N,-,C,A,A,H,-,A,D,0,,,,,Y,,A,01,0,0,3,0,0,0,0,0,0,-,-,,,"SAN FRANCISCO","SAN FRANCISCO",-122.45487996,37.7314699
8543496,2017,2018-06-08,3801,2017-12-27,2244,A21795,BAYVI,3,5,7,3801,0,0,0,,0,3C11E,"EVANS AV","SELBY ST",0.00,,Y,A,-,N,,,,,,,,,,N,4,0,1,2,A,-,07,21658,A,F,B,C,A,A,H,-,C,D,0,,,,,Y,Y,A,01,0,0,1,0,0,0,0,0,0,-,-,,,"SAN FRANCISCO","SAN FRANCISCO",-122.39405991,37.74616991
8542409,2017,2018-02-10,3801,2017-12-23,2326,A21554,CENTR,6,5,7,3801,0,0,0,,0,005,"BATTERY ST","SACRAMENTO ST",0.00,,Y,A,-,N,,,,,,,,,,Y,4,0,4,2,A,-,12,21453,A,N,D,C,A,A,H,-,C,A,0,,,,,Y,,-,-,0,0,4,0,0,0,0,0,0,-,-,,,"SAN FRANCISCO","SAN FRANCISCO",-122.40015993,37.79417992
8540160,2017,2018-01-29,3801,2017-12-14,1854,654,PARK,4,5,7,3801,0,0,0,,0,3F43D,"OAK ST","COLE ST",36.00,W,N,A,-,N,,,,,,,,,,Y,2,0,1,2,A,-,04,21703,,N,C,-,A,A,H,-,C,D,0,,,Y,,Y,,C,02,1,0,0,0,0,0,0,0,1,-,-,,,"SAN FRANCISCO","SAN FRANCISCO",-122.45074366,37.7714381
8540156,2017,2018-01-29,3801,2017-12-14,2111,2089,BAYV,4,5,7,3801,0,0,0,,0,,"GIRARD ST","MANSELL ST",0.00,,Y,A,-,N,,,,,,,,,,N,4,0,1,2,A,-,05,21650,,N,B,C,A,A,H,-,C,A,0,,,Y,,Y,,C,02,0,0,1,0,0,0,0,0,1,-,-,,,"SAN FRANCISCO","SAN FRANCISCO",-122.40210998,37.72135999
8540155,2017,2018-02-12,3801,2017-12-16,0750,640,MISIS,6,5,7,3801,0,0,0,,0,3D42A,"CLIPPER ST","SANCHEZ ST",0.00,,Y,A,-,N,,,,,,,,,,Y,4,0,1,2,A,-,12,22450,A,N,D,C,A,A,H,-,A,A,0,,,,,Y,,A,01,0,0,1,0,0,0,0,0,0,-,-,,,"SAN FRANCISCO","SAN FRANCISCO",-122.4293999,37.74916999
8540152,2017,2018-01-29,3801,2017-12-15,1422,348,MISSO,5,5,7,3801,0,0,0,,0,3D11C,"14TH ST","VALENCIA ST",0.00,,Y,A,-,N,,,,,,,,,,N,4,0,1,2,A,-,06,21750,A,N,B,C,A,A,H,-,A,A,0,,,Y,,Y,,C,03,0,0,1,0,0,0,0,0,1,-,-,,,"SAN FRANCISCO","SAN FRANCISCO",-122.42217989,37.76814989
8540151,2017,2018-01-30,3801,2017-12-15,2148,2471,,5,5,7,3801,0,0,0,,0,,"TAYLOR ST","BUSH ST",0.00,,Y,A,-,N,,,,,,,,,,,4,0,1,2,A,-,10,21950,A,N,G,B,B,A,H,-,C,A,0,Y,,,,Y,,A,01,0,0,1,0,1,0,0,0,0,-,-,,,"SAN FRANCISCO","SAN FRANCISCO",-122.41206992,37.78975991
8540148,2017,2018-01-29,3801,2017-12-15,1620,1817,CENTR,5,5,7,3801,0,0,0,,0,3A13D,"BAY ST","COLUMBUS AV",0.00,,Y,A,-,N,,,,,,,,,,Y,3,0,1,2,A,-,08,22100,A,N,-,C,A,A,H,-,A,A,0,,,,,Y,,-,,0,1,0,0,0,0,0,0,0,-,-,,,"SAN FRANCISCO","SAN FRANCISCO",-122.41719991,37.80518996
8540147,2017,2018-01-30,3801,2017-12-26,1426,1400,CENTR,2,5,7,3801,0,0,0,,0,3A12C,"CLAY ST","GRANT ST",0.00,,Y,A,-,N,,,,,,,,,,N,3,0,1,2,A,-,11,21955,,N,G,B,D,A,H,-,A,A,0,Y,,,,Y,,N,60,0,1,0,0,1,0,0,0,0,-,-,,,"SAN FRANCISCO","SAN FRANCISCO",-122.4062599,37.79427997
8540144,2017,2018-01-29,3801,2017-11-07,1907,276,MISSI,2,5,7,3801,0,0,0,,0,3D16D,"S VAN NESS AV","17TH ST",0.00,,Y,A,-,N,,,,,,,,,,N,4,0,1,3,A,-,04,21703,,N,C,C,A,A,H,-,C,A,0,,,,,Y,,A,01,0,0,1,0,0,0,0,0,0,-,-,,,"SAN FRANCISCO","SAN FRANCISCO",-122.41733986,37.76356
8540143,2017,2018-01-30,3801,2017-12-28,1103,1944,INGLE,4,5,7,3801,0,0,0,,0,005,"ALEMANY BL","NAGLEE AV",95.00,S,N,A,-,N,,,,,,,,,,Y,4,0,1,2,A,-,03,22350,A,N,C,C,A,A,H,-,A,A,0,,,,,Y,,A,01,0,0,1,0,0,0,0,0,0,-,-,,,"SAN FRANCISCO","SAN FRANCISCO",-122.44930343,37.71382263
8540140,2017,2018-01-29,3801,2017-11-26,0850,324,CENTR,7,5,7,3801,0,0,0,,0,3A40B,"CALIFORNIA ST","HYDE ST",0.00,,Y,A,-,N,,,,,,,,,,N,4,0,1,2,A,-,10,21950,A,N,G,B,B,A,H,-,A,A,0,Y,,,,Y,,A,01,0,0,1,0,1,0,0,0,0,-,-,,,"SAN FRANCISCO","SAN FRANCISCO",-122.41739993,37.79098997
8540139,2017,2018-01-30,3801,2017-12-04,1215,A21812,PARK,1,5,7,3801,0,0,0,,0,001,"7TH AV","LAWTON ST",98.00,S,N,A,-,N,,,,,,,,,,N,4,0,1,2,A,-,03,22350,,N,C,C,A,A,H,-,A,A,0,,,,,Y,,A,01,0,0,1,0,0,0,0,0,0,-,-,,,"SAN FRANCISCO","SAN FRANCISCO",-122.46380644,37.75827143
8540136,2017,2018-01-29,3801,2017-11-22,0958,2403,CENTR,3,5,7,3801,0,0,0,,0,3A11A,"BUSH ST","HYDE ST",0.00,,Y,A,-,N,,,,,,,,,,N,4,0,1,2,A,-,03,22350,,N,B,C,A,A,H,-,A,A,0,,,Y,,Y,,C,02,0,0,1,0,0,0,0,0,1,-,-,,,"SAN FRANCISCO","SAN FRANCISCO",-122.41700991,37.7891199
8540135,2017,2018-01-30,3801,2017-12-16,0203,A22034,BAYVE,6,5,7,3801,0,0,0,,0,3C13E,"WOOLSEY ST","GOETTINGEN ST",0.00,,Y,A,-,N,,,,,,,,,,N,4,0,1,2,A,-,01,23152,A,N,D,C,A,A,H,-,C,D,0,,,,,Y,Y,A,01,0,0,1,0,0,0,0,0,0,-,-,,,"SAN FRANCISCO","SAN FRANCISCO",-122.40555997,37.72446989
8540131,2017,2018-02-26,3801,2017-12-05,0607,795,BAYVI,2,5,7,3801,0,0,0,,0,3C11A,"25TH ST","3RD ST",50.00,W,N,A,-,N,,,,,,,,,,Y,4,0,3,5,A,-,08,22107,,N,D,C,E,A,H,-,C,A,0,Y,,,,Y,,-,,0,0,3,0,1,0,0,0,0,-,-,,,"SAN FRANCISCO","SAN FRANCISCO",-122.38805235,37.75282811
8540104,2017,2018-01-27,3801,2017-09-18,1917,1239,MISSI,1,5,7,3801,0,0,0,,0,6CAR,"POTRERO AV","22ND ST",0.00,,Y,A,-,N,,,,,,,,,,N,3,0,1,2,A,-,08,22107,,N,H,G,A,A,H,-,A,A,0,,Y,,,Y,,A,01,0,1,0,0,0,0,1,0,0,-,-,,,"SAN FRANCISCO","SAN FRANCISCO",-122.40669999,37.75683998
8540091,2017,2018-01-29,3801,2017-12-09,2103,A23055,TENDE,6,5,7,3801,0,0,0,,0,3J13E,"ELLIS ST","HYDE ST",68.00,W,N,A,-,N,,,,,,,,,,N,4,0,1,4,A,-,09,21804,A,F,B,B,E,A,H,-,C,D,0,Y,,,,Y,,A,01,0,0,1,0,1,0,0,0,0,-,-,,,"SAN FRANCISCO","SAN FRANCISCO",-122.41629271,37.78442196
8540087,2017,2018-01-29,3801,2017-12-10,1506,865,MISIS,7,5,7,3801,0,0,0,,0,3D44C,"24TH ST","ALABAMA ST",55.00,W,N,A,-,N,,,,,,,,,,N,4,0,1,2,A,-,17,22517,,N,D,G,A,A,H,-,A,A,0,,Y,,,Y,,A,01,0,0,1,0,0,0,1,0,0,-,-,,,"SAN FRANCISCO","SAN FRANCISCO",-122.41112968,37.75269789
8540083,2017,2018-02-10,3801,2017-12-13,1719,875,,3,5,7,3801,0,0,0,,0,3H16D,"COLON AV","MANGELS AV",170.00,S,N,A,-,N,,,,,,,,,,Y,4,0,1,2,A,-,05,21650,,N,E,J,A,A,H,-,B,D,0,,,,,Y,,A,01,0,0,1,0,0,0,0,0,0,-,-,,,"SAN FRANCISCO","SAN FRANCISCO",-122.45674889,37.73197703
8540065,2017,2018-01-27,3801,2017-06-20,1715,2017,MISSI,2,5,7,3801,0,0,0,,0,3D14D,"HARRISON ST","17TH ST",160.00,N,N,A,-,N,,,,,,,,,,Y,4,0,1,2,A,-,08,22107,,N,A,C,A,A,H,-,A,A,0,,,,,Y,,A,01,0,0,1,0,0,0,0,0,0,-,-,,,"SAN FRANCISCO","SAN FRANCISCO",-122.41305543,37.7645289
8540063,2017,2018-01-29,3801,2017-11-15,0248,2100,SOUTH,3,5,7,3801,0,0,0,,0,3B13E,"8TH ST","MISSION ST",0.00,,Y,B,C,N,,,,,,,,,,Y,4,0,1,2,A,-,12,21453,A,N,D,C,A,B,H,-,C,A,0,,,Y,,Y,,C,03,0,0,1,0,0,0,0,0,1,-,-,,,"SAN FRANCISCO","SAN FRANCISCO",-122.41315999,37.77745997