CASE_ID,ACCIDENT_YEAR,PROC_DATE,JURIS,COLLISION_DATE,COLLISION_TIME,OFFICER_ID,REPORTING_DISTRICT,DAY_OF_WEEK,CHP_SHIFT,POPULATION,CNTY_CITY_LOC,SPECIAL_COND,BEAT_TYPE,CHP_BEAT_TYPE,CITY_DIVISION_LAPD,CHP_BEAT_CLASS,BEAT_NUMBER,PRIMARY_RD,SECONDARY_RD,DISTANCE,DIRECTION,INTERSECTION,WEATHER_1,WEATHER_2,STATE_HWY_IND,CALTRANS_COUNTY,CALTRANS_DISTRICT,STATE_ROUTE,ROUTE_SUFFIX,POSTMILE_PREFIX,POSTMILE,LOCATION_TYPE,RAMP_INTERSECTION,SIDE_OF_HWY,TOW_AWAY,COLLISION_SEVERITY,NUMBER_KILLED,NUMBER_INJURED,PARTY_COUNT,PRIMARY_COLL_FACTOR,PCF_CODE_OF_VIOL,PCF_VIOL_CATEGORY,PCF_VIOLATION,PCF_VIOL_SUBSECTION,HIT_AND_RUN,TYPE_OF_COLLISION,MVIW,PED_ACTION,ROAD_SURFACE,ROAD_COND_1,ROAD_COND_2,LIGHTING,CONTROL_DEVICE,CHP_ROAD_TYPE,PEDESTRIAN_ACCIDENT,BICYCLE_ACCIDENT,MOTORCYCLE_ACCIDENT,TRUCK_ACCIDENT,NOT_PRIVATE_PROPERTY,ALCOHOL_INVOLVED,STWD_VEHTYPE_AT_FAULT,CHP_VEHTYPE_AT_FAULT,COUNT_SEVERE_INJ,COUNT_VISIBLE_INJ,COUNT_COMPLAINT_PAIN,COUNT_PED_KILLED,COUNT_PED_INJURED,COUNT_BICYCLIST_KILLED,COUNT_BICYCLIST_INJURED,COUNT_MC_KILLED,COUNT_MC_INJURED,PRIMARY_RAMP,SECONDARY_RAMP,LATITUDE,LONGITUDE,COUNTY,CITY,POINT_X,POINT_Y
8515627,2017,2017-12-20,3801,2017-11-29,1925,1256,TENDE,3,5,7,3801,0,0,0,,0,03J,"OFARRELL ST","JONES ST",60.00,W,N,A,-,N,,,,,,,,,,N,4,0,1,2,A,-,11,21950,B,N,G,B,D,A,H,-,C,D,0,Y,,,,Y,,N,60,0,0,1,0,1,0,0,0,0,-,-,,,"SAN FRANCISCO","SAN FRANCISCO",-122.41317535,37.78577536
8515624,2017,2017-12-20,3801,2017-11-23,2251,A06498,INGLE,4,5,7,3801,0,0,0,,0,0H4,"FOERSTER ST","MONTEREY BL",11.00,N,N,A,-,N,,,,,,,,,,N,3,0,1,1,A,-,03,22350,,N,H,A,A,A,B,-,C,A,0,,,Y,,Y,,C,02,0,1,0,0,0,0,0,0,1,-,-,,,"SAN FRANCISCO","SAN FRANCISCO",-122.44887039,37.73158022
8515623,2017,2017-12-20,3801,2017-11-09,1754,278,TARAV,4,5,7,3801,0,0,0,,0,3I15D,"GRAFTON AV","JULES AV",98.00,W,N,A,-,N,,,,,,,,,,N,4,0,2,2,A,-,08,22107,,N,A,C,A,A,H,-,B,D,0,,,,,Y,,A,01,0,0,2,0,0,0,0,0,0,-,-,,,"SAN FRANCISCO","SAN FRANCISCO",-122.4615789,37.72000332
8515620,2017,2017-12-20,3801,2017-11-30,1905,A10726,NORTH,4,5,7,3801,0,0,0,,0,3E13D,"POLK ST","CLAY ST",132.00,S,N,A,-,N,,,,,,,,,,N,3,0,1,2,A,-,17,22517,,N,B,G,A,A,H,-,C,D,0,,Y,,,Y,,A,01,0,1,0,0,0,0,1,0,0,-,-,,,"SAN FRANCISCO","SAN FRANCISCO",-122.42097759,37.79203196
8515619,2017,2017-12-20,3801,2017-11-14,1437,132,RICHM,2,5,7,3801,0,0,0,,0,4B3F,"6TH AV","CLEMENT ST",305.00,S,N,A,-,N,,,,,,,,,,N,4,0,1,2,A,-,11,21954,A,N,G,B,D,A,H,-,A,D,0,Y,,,,Y,,N,60,0,0,1,0,1,0,0,0,0,-,-,,,"SAN FRANCISCO","SAN FRANCISCO",-122.46435222,37.78211388
8515616,2017,2017-12-20,3801,2017-11-25,1718,2400,TARAV,6,5,7,3801,0,0,0,,0,3I15D,"JUNIPERO SERRA BL","HOLLOWAY AV",25.00,W,N,A,-,N,,,,,,,,,,Y,4,0,2,2,A,-,04,21703,,N,C,C,A,A,H,-,C,A,0,,,,,Y,,A,01,0,0,2,0,0,0,0,0,0,-,-,,,"SAN FRANCISCO","SAN FRANCISCO",-122.47267,37.72157
8515615,2017,2017-12-20,3801,2017-11-15,1426,1498,TARAV,3,5,7,3801,0,0,0,,0,3I16B,"19TH AV",HOLLOWAY,791.00,N,N,B,-,N,,,,,,,,,,N,4,0,1,3,A,-,03,22350,,N,C,C,A,A,H,-,A,D,0,,,,,Y,,A,01,0,0,1,0,0,0,0,0,0,-,-,,,"SAN FRANCISCO","SAN FRANCISCO",-122.4752451,37.72312071
8515612,2017,2017-12-20,3801,2017-11-02,1030,529,TARAV,4,5,7,3801,0,0,0,,0,3I13A,"PORTOLA DR","14TH AV",0.00,,Y,A,-,N,,,,,,,,,,N,4,0,1,2,A,-,09,21801,A,N,A,C,A,A,H,-,A,A,0,,,Y,,Y,,A,01,0,0,1,0,0,0,0,0,1,-,-,,,"SAN FRANCISCO","SAN FRANCISCO",-122.46833,37.73740995
8515608,2017,2017-12-20,3801,2017-11-29,2207,2220,NORTH,3,5,7,3801,0,0,0,,0,3E11E,"VAN NESS AV",BROADWAY,0.00,,Y,A,-,N,,,,,,,,,,Y,4,0,1,3,A,-,09,21801,A,N,D,C,A,A,H,-,B,A,0,,,Y,,Y,,A,01,0,0,1,0,0,0,0,0,1,-,-,,,"SAN FRANCISCO","SAN FRANCISCO",-122.42349988,37.79572993
8515607,2017,2017-12-20,3801,2017-11-20,1522,A21551,SANFR,1,5,7,3801,0,0,0,,0,TARA,"IRVING ST","32ND AV",0.00,,Y,B,-,N,,,,,,,,,,Y,4,0,2,3,A,-,09,21802,A,N,D,C,A,A,H,-,A,A,0,,,,,Y,,A,01,0,0,2,0,0,0,0,0,0,-,-,,,"SAN FRANCISCO","SAN FRANCISCO",-122.49104991,37.76295999
8515604,2017,2017-12-20,3801,2017-11-30,0714,1014,CENTR,4,5,7,3801,0,0,0,,0,3A11A,"HYDE ST","NORTH POINT ST",0.00,,Y,A,-,N,,,,,,,,,,N,3,0,1,2,A,-,12,21453,A,N,D,J,A,A,H,-,A,A,0,,,,,Y,,A,01,0,1,0,0,0,0,0,0,0,-,-,,,"SAN FRANCISCO","SAN FRANCISCO",-122.4203499,37.80572989
8515603,2017,2018-02-02,3801,2017-11-29,1747,11,RICHM,3,5,7,3801,0,0,0,,0,,"FULTON ST","15TH AV",0.00,,Y,A,-,N,,,,,,,,,,Y,3,0,1,2,A,-,09,21801,A,N,D,C,A,A,H,-,C,A,0,,,,,Y,,-,,0,1,0,0,0,0,0,0,0,-,-,,,"SAN FRANCISCO","SAN FRANCISCO",-122.47343997,37.77305994
8515600,2017,2017-12-22,3801,2017-11-20,1130,4095,D,1,5,7,3801,0,0,0,,0,003,"VALENCIA ST","23RD ST",250.00,N,N,A,-,N,,,,,,,,,,N,4,0,1,1,C,-,18,,,N,E,I,A,A,H,-,A,D,0,,,,,Y,,-,-,0,0,1,0,0,0,0,0,0,-,-,,,"SAN FRANCISCO","SAN FRANCISCO",-122.42087567,37.75438481
8515599,2017,2017-12-21,3801,2017-11-23,2110,A22419,RICHM,4,5,7,3801,0,0,0,,0,,"25TH AV","CALIFORNIA ST",0.00,,Y,B,-,N,,,,,,,,,,N,3,0,1,2,A,-,10,21950,A,N,G,B,B,A,H,-,C,A,0,Y,,,,Y,,A,01,0,1,0,0,1,0,0,0,0,-,-,,,"SAN FRANCISCO","SAN FRANCISCO",-122.48499996,37.78387988
8515597,2017,2017-12-21,3801,2017-11-08,0536,A21283,TARAV,3,5,7,3801,0,0,0,,0,3I13E,"PORTOLA DR","VICENTE ST",0.00,,Y,A,-,N,,,,,,,,,,Y,4,0,3,2,A,-,12,21457,A,N,D,C,A,A,H,-,C,A,0,,,,,Y,,A,01,0,0,3,0,0,0,0,0,0,-,-,,,"SAN FRANCISCO","SAN FRANCISCO",-122.46625994,37.73922991
8515596,2017,2017-12-22,3801,2017-11-28,1718,480,COD,2,5,7,3801,0,0,0,,0,3D13D,"ALABAMA ST","19TH ST",81.00,S,N,A,-,N,,,,,,,,,,N,4,0,1,2,A,-,03,22350,,N,D,G,A,A,H,-,A,D,0,,Y,,,Y,,L,04,0,0,1,0,0,0,1,0,0,-,-,,,"SAN FRANCISCO","SAN FRANCISCO",-122.41192,37.76039
8515595,2017,2017-12-21,3801,2017-11-23,2121,A21967,TARAV,4,5,7,3801,0,0,0,,0,005,"JUNIPERO SERRA BL","WINSTON DR",4.00,S,N,E,-,N,,,,,,,,,,N,2,0,2,3,A,-,10,21950,A,N,G,B,B,A,H,-,C,A,0,Y,,,,Y,,A,01,1,0,1,0,2,0,0,0,0,-,-,,,"SAN FRANCISCO","SAN FRANCISCO",-122.47237069,37.72682902
8515594,2017,2017-12-21,3801,2017-11-10,0815,463,INGLE,5,5,7,3801,0,0,0,,0,3H13A,"SAN JOSE AV","PAULDING ST",48.00,S,N,C,-,N,,,,,,,,,,N,4,0,1,1,A,-,03,22350,,N,H,A,A,B,G,-,A,D,0,,,Y,,Y,,C,02,0,0,1,0,0,0,0,0,1,-,-,,,"SAN FRANCISCO","SAN FRANCISCO",-122.4412226,37.72735141
8515593,2017,2017-12-21,3801,2017-11-07,0849,529,TARAV,2,5,7,3801,0,0,0,,0,3I13A,"SLOAT BL","39TH AV",265.00,W,N,A,-,N,,,,,,,,,,N,3,0,1,1,D,-,00,,,N,H,-,A,A,H,-,A,D,0,,Y,,,Y,,-,-,0,1,0,0,0,0,1,0,0,-,-,,,"SAN FRANCISCO","SAN FRANCISCO",-122.49746526,37.7339315
8515592,2017,2017-12-22,3801,2017-11-13,0930,A10326,NORTH,1,5,7,3801,0,0,0,,0,3E14A,"SUTTER ST","FRANKLIN ST",4.00,W,N,A,-,N,,,,,,,,,,N,4,0,1,2,A,-,10,21950,A,N,G,B,B,A,H,-,A,A,0,Y,,,,Y,,A,01,0,0,1,0,1,0,0,0,0,-,-,,,"SAN FRANCISCO","SAN FRANCISCO",-122.42341367,37.78734825
8515591,2017,2017-12-21,3801,2017-11-23,0842,143,MISSI,4,5,7,3801,0,0,0,,0,006,"16TH ST","BRYANT ST",0.00,,Y,A,-,N,,,,,,,,,,Y,4,0,1,2,A,-,09,21801,A,N,A,C,A,A,H,-,A,A,0,,,Y,,Y,,-,,0,0,1,0,0,0,0,0,1,-,-,,,"SAN FRANCISCO","SAN FRANCISCO",-122.41051998,37.76558997
8515590,2017,2018-02-20,3801,2017-11-05,1532,2379,INGLE,7,5,7,3801,0,0,0,,0,3H16C,"MISSION ST","EXCELSIOR AV",0.00,,Y,A,-,N,,,,,,,,,,N,2,0,1,2,A,-,10,21950,A,N,G,B,B,B,-,-,D,A,0,Y,,,,Y,Y,A,01,1,0,0,0,1,0,0,0,0,-,-,,,"SAN FRANCISCO","SAN FRANCISCO",-122.43363988,37.72623996
8515589,2017,2017-12-21,3801,2017-11-08,1756,002244,CENTR,3,5,7,3801,0,0,0,,0,A11D,"LARKIN ST","CLAY ST",15.00,E,N,A,-,N,,,,,,,,,,N,4,0,1,2,A,-,10,21950,A,N,G,B,B,A,H,-,C,D,0,Y,,,,Y,,A,01,0,0,1,0,1,0,0,0,0,-,-,,,"SAN FRANCISCO","SAN FRANCISCO",-122.41940213,37.79254927
8515588,2017,2017-12-22,3801,2017-11-16,1515,A21551,TARAV,4,5,7,3801,0,0,0,,0,3I13B,"SANTIAGO ST","26TH AV",0.00,,Y,B,C,N,,,,,,,,,,Y,4,0,2,3,A,-,21,22106,,N,C,C,A,B,-,-,A,D,0,,,,,Y,,A,01,0,0,2,0,0,0,0,0,0,-,-,,,"SAN FRANCISCO","SAN FRANCISCO",-122.4833199,37.74458994
8515587,2017,2017-12-21,3801,2017-11-24,1706,2064,MISSI,5,5,7,3801,0,0,0,,0,3D11D,"VALENCIA ST","14TH ST",0.00,,Y,A,-,N,,,,,,,,,,N,4,0,1,2,A,-,03,22350,,N,B,G,A,A,H,-,C,D,0,,Y,,,Y,,L,04,0,0,1,0,0,0,1,0,0,-,-,,,"SAN FRANCISCO","SAN FRANCISCO",-122.42217989,37.76814989
8515586,2017,2017-12-21,3801,2017-11-13,0910,618,TARAV,1,5,7,3801,0,0,0,,0,3I13A,"SANTIAGO ST","33RD AV",0.00,,Y,A,-,N,,,,,,,,,,Y,4,0,1,2,A,-,09,21800,A,N,-,-,A,A,H,-,A,D,0,,,,,Y,,A,01,0,0,1,0,0,0,0,0,0,-,-,,,"SAN FRANCISCO","SAN FRANCISCO",-122.49082997,37.74425992
8515585,2017,2017-12-21,3801,2017-11-07,1025,614,SOUTH,2,5,7,3801,0,0,0,,0,004,"10TH ST","HOWARD ST",0.00,,Y,A,-,N,,,,,,,,,,N,4,0,1,4,A,-,03,22350,,N,D,C,F,A,H,-,A,A,0,Y,,,,Y,,A,01,0,0,1,0,1,0,0,0,0,-,-,,,"SAN FRANCISCO","SAN FRANCISCO",-122.41436998,37.77402992
8515582,2017,2017-12-21,3801,2017-11-15,1414,614,SOUTH,3,5,7,3801,0,0,0,,0,001,"1ST ST","NATOMA ST",0.00,,Y,B,-,N,,,,,,,,,,N,4,0,1,2,A,-,11,21950,B,N,G,B,B,A,D,-,A,-,0,Y,,,,Y,,N,60,0,0,1,0,1,0,0,0,0,-,-,,,"SAN FRANCISCO","SAN FRANCISCO",-122.39655987,37.78897996
8515581,2017,2017-12-21,3801,2017-11-09,0955,1117,TENDE,4,5,7,3801,0,0,0,,0,3J11A,"JONES ST","OFARRELL ST",0.00,,Y,A,-,N,,,,,,,,,,Y,4,0,1,4,A,-,12,21453,A,N,D,C,A,A,H,-,A,A,0,,,Y,,Y,,A,01,0,0,1,0,0,0,0,0,1,-,-,,,"SAN FRANCISCO","SAN FRANCISCO",-122.41296991,37.78579997
8515580,2017,2017-12-22,3801,2017-11-27,1500,A21296,BAYVI,1,5,7,3801,0,0,0,,0,3C13D,"3RD ST","EVANS AV",0.00,,Y,F,-,N,,,,,,,,,,N,3,0,1,2,A,-,03,22350,,F,G,B,E,A,H,-,A,D,0,Y,,,,Y,,A,01,0,1,0,0,1,0,0,0,0,-,-,,,"SAN FRANCISCO","SAN FRANCISCO",-122.38800998,37.74272995
8515579,2017,2017-12-21,3801,2017-11-24,1252,A09736,INGLE,5,5,7,3801,0,0,0,,0,3H11C,"BRUNSWICK ST","FLORENTINE ST",0.00,,Y,A,-,N,,,,,,,,,,Y,4,0,2,3,A,-,09,21800,A,N,D,C,A,A,H,-,A,D,0,,,,,Y,,A,01,0,0,2,0,0,0,0,0,0,-,-,,,"SAN FRANCISCO","SAN FRANCISCO",-122.44270989,37.71074993
8515578,2017,2017-12-21,3801,2017-11-10,1231,1123,MISSI,5,5,7,3801,0,0,0,,0,3D11A,"CESAR CHAVEZ ST","ALABAMA ST",0.00,,Y,A,-,N,,,,,,,,,,Y,4,0,2,2,A,-,12,21453,A,N,D,D,A,A,-,-,A,A,0,,,,,Y,,A,01,0,0,2,0,0,0,0,0,0,-,-,,,"SAN FRANCISCO","SAN FRANCISCO",-122.41053993,37.74832989
8515577,2017,2017-12-21,3801,2017-11-07,2151,2457,SOUTH,2,5,7,3801,0,0,0,,0,3B14E,"9TH ST","HOWARD ST",0.00,,Y,A,-,N,,,,,,,,,,Y,4,0,2,3,A,-,00,21107,,N,B,C,A,A,H,-,C,A,0,,,Y,,Y,,C,02,0,0,2,0,0,0,0,0,2,-,-,,,"SAN FRANCISCO","SAN FRANCISCO",-122.41315998,37.77499992
8515576,2017,2017-12-22,3801,2017-11-12,1610,331,INGLE,7,5,7,3801,0,0,0,,0,3H10,"AMAZON AV","EDINBURGH ST",35.00,E,N,A,-,N,,,,,,,,,,N,4,0,1,3,A,-,08,22108,,F,H,C,E,A,H,-,A,D,0,Y,,,,Y,,A,01,0,0,1,0,1,0,0,0,0,-,-,,,"SAN FRANCISCO","SAN FRANCISCO",-122.43608924,37.71564123
8515575,2017,2017-12-21,3801,2017-11-27,1130,A10359,TARAV,1,5,7,3801,0,0,0,,0,3I13A,"QUINTARA ST","46TH AV",0.00,E,N,A,-,N,,,,,,,,,,N,4,0,1,2,A,-,10,21950,A,N,G,B,B,A,H,-,A,A,0,Y,,,,Y,,A,01,0,0,1,0,1,0,0,0,0,-,-,,,"SAN FRANCISCO","SAN FRANCISCO",-122.50501997,37.74735994
8515574,2017,2017-12-21,3801,2017-11-13,0832,143,MISSI,1,5,7,3801,0,0,0,,0,006,"HARRISON ST","17TH ST",0.00,,Y,A,-,N,,,,,,,,,,N,4,0,2,3,A,-,03,22350,,F,C,C,A,A,H,-,A,A,0,,,,,Y,,A,01,0,0,2,0,0,0,0,0,0,-,-,,,"SAN FRANCISCO","SAN FRANCISCO",-122.41302998,37.76408992
8515573,2017,2017-12-21,3801,2017-11-08,0205,255,INGLE,3,5,7,3801,0,0,0,,0,3H00,"SAN JOSE AV","RANDALL ST",412.00,S,N,A,-,N,,,,,,,,,,N,3,0,1,1,A,-,01,23153,A,N,A,I,A,A,H,-,C,A,0,,,,,Y,Y,A,01,0,1,0,0,0,0,0,0,0,-,-,,,"SAN FRANCISCO","SAN FRANCISCO",-122.42462342,37.73876573
8515571,2017,2017-12-21,3801,2017-11-28,0600,893,TARAV,2,5,7,3801,0,0,0,,0,3I11A,"WESTGATE DR","UPLAND DR",210.00,S,N,A,-,N,,,,,,,,,,Y,3,0,1,2,A,-,03,22350,,M,F,E,A,A,H,-,B,D,0,,,,,Y,,A,01,0,1,0,0,0,0,0,0,0,-,-,,,"SAN FRANCISCO","SAN FRANCISCO",-122.46487246,37.72941081
8515570,2017,2018-03-13,3801,2017-11-06,1130,1426,INGLE,1,5,7,3801,0,0,0,,0,3H12C,"SAN JOSE AV","29TH ST",0.00,,Y,A,-,N,,,,,,,,,,Y,4,0,1,2,A,-,12,21453,A,N,D,C,A,A,H,-,A,A,0,,,,,Y,,A,01,0,0,1,0,0,0,0,0,0,-,-,,,"SAN FRANCISCO","SAN FRANCISCO",-122.42275,37.7439299
8515569,2017,2017-12-21,3801,2017-11-10,1715,A21940,SOUTH,5,5,7,3801,0,0,0,,0,3B14D,"9TH ST","NATOMA ST",0.00,,Y,A,-,N,,,,,,,,,,N,4,0,1,2,A,-,05,21650,1,N,B,G,A,A,H,-,B,D,0,,Y,,,Y,,L,04,0,0,1,0,0,0,1,0,0,-,-,,,"SAN FRANCISCO","SAN FRANCISCO",-122.41369998,37.77541995
8515567,2017,2017-12-21,3801,2017-11-28,1630,1817,CENTR,2,5,7,3801,0,0,0,,0,3A14D,"JACKSON ST","TRENTON ST",0.00,,Y,A,-,N,,,,,,,,,,N,4,0,1,2,D,-,00,,,N,G,B,D,A,H,-,A,D,0,Y,,,,Y,,-,-,0,0,1,0,1,0,0,0,0,-,-,,,"SAN FRANCISCO","SAN FRANCISCO",-122.40904986,37.79572994
8515566,2017,2017-12-21,3801,2017-11-17,0955,1944,INGLE,5,5,7,3801,0,0,0,,0,005,"FOOTE AV","HURON AV",91.00,E,N,A,-,N,,,,,,,,,,Y,4,0,2,3,D,-,00,,,F,B,C,A,A,H,-,A,D,0,,,,,Y,,-,-,0,0,2,0,0,0,0,0,0,-,-,,,"SAN FRANCISCO","SAN FRANCISCO",-122.44655912,37.71406193
8515565,2017,2017-12-21,3801,2017-11-09,1926,2046,NORTH,4,5,7,3801,0,0,0,,0,3E4D,"CHESTNUT ST","FRANKLIN ST",10.00,E,N,A,-,N,,,,,,,,,,N,4,0,1,2,A,-,08,22107,,N,D,C,A,A,H,-,C,A,0,,,Y,,Y,,A,01,0,0,1,0,0,0,0,0,1,-,-,,,"SAN FRANCISCO","SAN FRANCISCO",-122.42634576,37.80207407
8515564,2017,2017-12-22,3801,2017-11-21,1528,1994,INGLE,2,5,7,3801,0,0,0,,0,4B3G,"ATHENS ST","CORDOVA ST",11.00,E,N,A,-,N,,,,,,,,,,N,4,0,1,2,A,-,10,21950,A,N,G,B,B,A,H,-,A,A,0,Y,,,,Y,,A,01,0,0,1,0,1,0,0,0,0,-,-,,,"SAN FRANCISCO","SAN FRANCISCO",-122.43582507,37.71227197
8515563,2017,2017-12-21,3801,2017-11-12,2222,A21778,RICHM,7,5,7,3801,0,0,0,,0,3G2E,"GEARY BL","MASONIC AV",0.00,,Y,A,-,N,,,,,,,,,,N,4,0,1,2,A,-,10,21950,A,N,G,B,B,A,H,-,C,D,0,Y,,,,Y,,-,,0,0,1,0,1,0,0,0,0,-,-,,,"SAN FRANCISCO","SAN FRANCISCO",-122.44786986,37.78227989
8515561,2017,2017-12-21,3801,2017-11-01,1340,1682,TARAV,3,5,7,3801,0,0,0,,0,6CAR,"BROTHERHOOD WY","CHUMASERO DR",645.00,W,N,B,-,N,,,,,,,,,,N,4,0,1,2,A,-,04,21703,,N,C,C,A,A,H,-,A,A,0,,,,,Y,,A,01,0,0,1,0,0,0,0,0,0,-,-,,,"SAN FRANCISCO","SAN FRANCISCO",-122.47316,37.71315
8515560,2017,2017-12-22,3801,2017-11-04,1114,A10610,RICHM,6,5,7,3801,0,0,0,,0,3G68,"MARTIN LUTHER KING DR","9TH AV",185.00,N,N,A,-,N,,,,,,,,,,N,3,0,1,2,A,-,03,22350,,N,D,G,A,A,H,-,A,D,0,,Y,,,Y,,L,04,0,1,0,0,0,0,1,0,0,-,-,,,"SAN FRANCISCO","SAN FRANCISCO",-122.46647298,37.76688737
8515559,2017,2017-12-21,3801,2017-11-28,1612,327,SOUTH,2,5,7,3801,0,0,0,,0,3B12D,"JACK LONDON","BRANNAN ST",0.00,,Y,A,-,N,,,,,,,,,,Y,4,0,1,2,A,-,09,21801,A,N,D,C,A,A,H,-,A,D,0,,,Y,,Y,,A,01,0,0,1,0,0,0,0,0,1,-,-,,,"SAN FRANCISCO","SAN FRANCISCO",-122.39318991,37.78093996
8515558,2017,2017-12-21,3801,2017-11-19,1000,2168,MISSI,7,5,7,3801,0,0,0,,0,3D16A,"16TH ST","S VAN NESS AV",0.00,,Y,A,-,N,,,,,,,,,,Y,3,0,1,2,A,-,09,21801,A,N,D,C,A,A,H,-,A,A,0,,,,,Y,,-,,0,1,0,0,0,0,0,0,0,-,-,,,"SAN FRANCISCO","SAN FRANCISCO",-122.41748986,37.76517991
8515557,2017,2017-12-21,3801,2017-11-05,1906,4001,NORTH,7,5,7,3801,0,0,0,,0,3E13D,"TURK ST","VAN NESS AV",156.00,W,N,A,-,N,,,,,,,,,,N,4,0,1,2,C,-,18,,,N,G,B,F,A,H,-,C,D,0,Y,,,,Y,,-,-,0,0,1,0,1,0,0,0,0,-,-,,,"SAN FRANCISCO","SAN FRANCISCO",-122.4212325,37.781859
8515556,2017,2017-12-22,3801,2017-11-03,2306,1006,BAYVI,5,5,7,3801,0,0,0,,0,3C11D,"23RD ST","ARKANSAS ST",78.00,E,N,A,-,N,,,,,,,,,,Y,2,0,1,1,A,-,01,23153,,N,E,I,A,A,H,-,C,D,0,,,,,Y,Y,A,01,1,0,0,0,0,0,0,0,0,-,-,,,"SAN FRANCISCO","SAN FRANCISCO",-122.39747012,37.75482
8515555,2017,2017-12-21,3801,2017-11-02,1629,2207,SOUTH,4,5,7,3801,0,0,0,,0,3B14D,"2ND ST","DOW PL",0.00,,Y,A,-,N,,,,,,,,,,Y,4,0,1,2,A,-,09,21804,A,N,D,C,A,A,H,-,A,A,0,,,Y,,Y,,A,01,0,0,1,0,0,0,0,0,1,-,-,,,"SAN FRANCISCO","SAN FRANCISCO",-122.39591998,37.78491
8515554,2017,2017-12-21,3801,2017-11-18,0722,143,INGLE,6,5,7,3801,0,0,0,,0,006,"LELAND AV","ALPHA ST",0.00,,Y,A,-,N,,,,,,,,,,N,4,0,1,2,A,-,03,22350,,N,C,C,A,A,H,-,A,A,0,,,,,Y,,A,01,0,0,1,0,0,0,0,0,0,-,-,,,"SAN FRANCISCO","SAN FRANCISCO",-122.40564999,37.71194991
8515553,2017,2017-12-21,3801,2017-11-07,1300,4341,PARK,2,5,7,3801,0,0,0,,0,3F60,"HAYES ST","CENTRAL AV",0.00,,Y,A,-,N,,,,,,,,,,Y,4,0,1,2,A,-,00,23153,F,N,C,C,A,A,H,-,A,A,0,,,,,Y,,A,01,0,0,1,0,0,0,0,0,0,-,-,,,"SAN FRANCISCO","SAN FRANCISCO",-122.44439994,37.77414995
8515552,2017,2017-12-22,3801,2017-11-04,0620,A10326,NORTH,6,5,7,3801,0,0,0,,0,3E11A,"GOUGH ST","PAGE ST",0.00,,Y,A,-,N,,,,,,,,,,N,4,0,1,2,A,-,08,22107,,M,B,C,A,B,G,-,C,D,0,,,,,Y,,-,,0,0,1,0,0,0,0,0,0,-,-,,,"SAN FRANCISCO","SAN FRANCISCO",-122.4224099,37.77406996
8515549,2017,2018-01-24,3801,2017-11-06,1940,4001,NORTH,1,5,7,3801,0,0,0,,0,3E12D,"VAN NESS AV","HAYES ST",0.00,,Y,A,-,N,,,,,,,,,,Y,4,0,1,2,A,-,09,21801,A,N,D,C,A,A,H,-,C,A,0,,,,,Y,,-,,0,0,1,0,0,0,0,0,0,-,-,,,"SAN FRANCISCO","SAN FRANCISCO",-122.41967994,37.77728997
8515548,2017,2017-12-22,3801,2017-11-30,1619,A22882,INGLE,4,5,7,3801,0,0,0,,0,3H15D,"ALEMANY BL","LAWRENCE AV",0.00,,Y,A,-,N,,,,,,,,,,N,4,0,1,2,A,-,09,21801,A,N,D,C,A,A,H,-,A,A,0,,,,,Y,,A,01,0,0,1,0,0,0,0,0,0,-,-,,,"SAN FRANCISCO","SAN FRANCISCO",-122.45318997,37.71126994
8515546,2017,2017-12-21,3801,2017-11-19,1456,577,INGLE,7,5,7,3801,0,0,0,,0,0H5,"GENEVA AV","BANNOCK ST",43.00,W,N,A,-,N,,,,,,,,,,N,4,0,1,2,A,-,11,21954,A,F,G,B,D,A,H,-,A,D,0,Y,,,,Y,Y,N,60,0,0,1,0,1,0,0,0,0,-,-,,,"SAN FRANCISCO","SAN FRANCISCO",-122.44297236,37.71836569
8515545,2017,2017-12-21,3801,2017-11-05,1808,986,MISSI,7,5,7,3801,0,0,0,,0,3D16D,"YORK ST","22ND ST",0.00,,Y,A,-,N,,,,,,,,,,,4,0,1,2,A,-,03,22350,,F,G,B,D,A,H,-,C,D,0,Y,,,,Y,,A,01,0,0,1,0,1,0,0,0,0,-,-,,,"SAN FRANCISCO","SAN FRANCISCO",-122.40849987,37.75604992
8515544,2017,2017-12-22,3801,2017-10-02,1304,A22055,PARK,1,5,7,3801,0,0,0,,0,3F13A,"LAGUNA HONDA BL","ULLOA ST",0.00,,Y,F,-,N,,,,,,,,,,N,4,0,1,2,A,-,10,21950,A,N,D,B,B,A,H,-,A,D,0,Y,,,,Y,,A,01,0,0,1,0,1,0,0,0,0,-,-,,,"SAN FRANCISCO","SAN FRANCISCO",-122.45591999,37.74350993
8515542,2017,2018-02-21,3801,2017-11-21,0905,1679,INGLE,2,5,7,3801,0,0,0,,0,3H16A,"MISSION ST","LEO ST",120.00,S,N,A,-,N,,,,,,,,,,N,4,0,1,2,A,-,08,22107,,N,B,C,A,A,H,-,A,A,0,,,,,Y,,A,01,0,0,1,0,0,0,0,0,0,-,-,,,"SAN FRANCISCO","SAN FRANCISCO",-122.436723,37.72217707
8515541,2017,2018-03-05,3801,2017-11-05,1436,129,CENTR,7,5,7,3801,0,0,0,,0,3A15A,"SANSOME ST","SACRAMENTO ST",0.00,,Y,A,-,N,,,,,,,,,,N,4,0,1,2,A,-,12,21453,A,N,B,C,A,A,H,-,A,A,0,,,,,Y,,-,-,0,0,1,0,0,0,0,0,0,-,-,,,"SAN FRANCISCO","SAN FRANCISCO",-122.40131989,37.79400997