CASE_ID,ACCIDENT_YEAR,PROC_DATE,JURIS,COLLISION_DATE,COLLISION_TIME,OFFICER_ID,REPORTING_DISTRICT,DAY_OF_WEEK,CHP_SHIFT,POPULATION,CNTY_CITY_LOC,SPECIAL_COND,BEAT_TYPE,CHP_BEAT_TYPE,CITY_DIVISION_LAPD,CHP_BEAT_CLASS,BEAT_NUMBER,PRIMARY_RD,SECONDARY_RD,DISTANCE,DIRECTION,INTERSECTION,WEATHER_1,WEATHER_2,STATE_HWY_IND,CALTRANS_COUNTY,CALTRANS_DISTRICT,STATE_ROUTE,ROUTE_SUFFIX,POSTMILE_PREFIX,POSTMILE,LOCATION_TYPE,RAMP_INTERSECTION,SIDE_OF_HWY,TOW_AWAY,COLLISION_SEVERITY,NUMBER_KILLED,NUMBER_INJURED,PARTY_COUNT,PRIMARY_COLL_FACTOR,PCF_CODE_OF_VIOL,PCF_VIOL_CATEGORY,PCF_VIOLATION,PCF_VIOL_SUBSECTION,HIT_AND_RUN,TYPE_OF_COLLISION,MVIW,PED_ACTION,ROAD_SURFACE,ROAD_COND_1,ROAD_COND_2,LIGHTING,CONTROL_DEVICE,CHP_ROAD_TYPE,PEDESTRIAN_ACCIDENT,BICYCLE_ACCIDENT,MOTORCYCLE_ACCIDENT,TRUCK_ACCIDENT,NOT_PRIVATE_PROPERTY,ALCOHOL_INVOLVED,STWD_VEHTYPE_AT_FAULT,CHP_VEHTYPE_AT_FAULT,COUNT_SEVERE_INJ,COUNT_VISIBLE_INJ,COUNT_COMPLAINT_PAIN,COUNT_PED_KILLED,COUNT_PED_INJURED,COUNT_BICYCLIST_KILLED,COUNT_BICYCLIST_INJURED,COUNT_MC_KILLED,COUNT_MC_INJURED,PRIMARY_RAMP,SECONDARY_RAMP,LATITUDE,LONGITUDE,COUNTY,CITY,POINT_X,POINT_Y
8343065,2017,2017-04-26,3801,2017-03-24,2025,536,CENTR,5,5,7,3801,0,0,0,,0,0A3,"LEAVENWORTH ST","SUTTER ST",0.00,,-,C,-,N,,,,,,,,,,N,4,0,1,2,A,-,10,21950,A,M,D,B,B,B,H,-,C,A,0,Y,,,,Y,,-,,0,0,1,0,1,0,0,0,0,-,-,,,"SAN FRANCISCO","SAN FRANCISCO",-122.41517995,37.78837993
8343064,2017,2017-06-08,3801,2017-03-13,1015,2380,SOUTH,1,5,7,3801,0,0,0,,0,3B14A,"SOUTH VAN NESS","12TH ST",0.00,,Y,A,-,N,,,,,,,,,,N,4,0,1,2,A,-,07,21658,A,N,B,D,A,A,H,-,A,A,0,,,Y,,Y,,A,01,0,0,1,0,0,0,0,0,1,-,-,,,"SAN FRANCISCO","SAN FRANCISCO",-122.41881992,37.7736999
8343063,2017,2017-04-12,3801,2017-03-16,0840,4272,MISSI,4,5,7,3801,0,0,0,,0,3D11A,"17TH ST","CHURCH ST",0.00,,Y,B,-,N,,,,,,,,,,N,3,0,1,1,A,-,03,22350,,N,H,G,A,B,H,-,A,A,0,,Y,,,Y,,L,04,0,1,0,0,0,0,1,0,0,-,-,,,"SAN FRANCISCO","SAN FRANCISCO",-122.42850995,37.76287993
8343062,2017,2017-04-13,3801,2017-03-20,1325,2369,INGLE,1,5,7,3801,0,0,0,,0,,"GENEVA AV","ATHENS ST",0.00,,Y,B,-,N,,,,,,,,,,N,4,0,1,2,A,-,10,21950,A,N,G,B,B,A,-,-,A,D,0,Y,,,,Y,,A,01,0,0,1,0,1,0,0,0,0,-,-,,,"SAN FRANCISCO","SAN FRANCISCO",-122.43453992,37.71346993
8343061,2017,2017-04-26,3801,2017-03-23,1600,668,BAYVI,4,5,7,3801,0,0,0,,0,3C11C,"3RD ST","EVANS AV",0.00,,Y,A,-,N,,,,,,,,,,N,2,0,1,2,A,-,10,21950,A,F,G,B,B,A,H,-,A,A,0,Y,,,,Y,,A,01,1,0,0,0,1,0,0,0,0,-,-,,,"SAN FRANCISCO","SAN FRANCISCO",-122.38800998,37.74272995
8343059,2017,2017-04-12,3801,2017-03-16,1913,626,BAYVI,4,5,7,3801,0,0,0,,0,3C11D,"3RD ST","CESAR CHAVEZ ST",0.00,,Y,A,-,N,,,,,,,,,,N,4,0,1,2,A,-,-,,,N,D,G,A,A,H,-,B,A,0,,Y,,,Y,Y,L,04,0,0,1,0,0,0,1,0,0,-,-,,,"SAN FRANCISCO","SAN FRANCISCO",-122.38768991,37.75022991
8343058,2017,2017-04-13,3801,2017-03-20,2030,1996,MISSI,1,5,7,3801,0,0,0,,0,3D14D,"POTRERO AV","24TH ST",0.00,,Y,C,-,N,,,,,,,,,,N,4,0,1,2,A,-,10,21950,A,F,G,B,B,B,H,-,C,A,0,Y,,,,Y,,-,,0,0,1,0,1,0,0,0,0,-,-,,,"SAN FRANCISCO","SAN FRANCISCO",-122.4063199,37.75298991
8343057,2017,2017-04-11,3801,2017-03-23,2130,642,NORTH,4,5,7,3801,0,0,0,,0,005,"MARINA BL","LYON ST",50.00,E,N,B,-,N,,,,,,,,,,N,3,0,1,1,A,-,03,22350,,N,E,I,A,A,H,-,C,A,0,,,Y,,Y,,C,03,0,1,0,0,0,0,0,0,1,-,-,,,"SAN FRANCISCO","SAN FRANCISCO",-122.44818063,37.80483948
8343056,2017,2017-04-14,3801,2017-03-13,1737,1310,TARAV,1,5,7,3801,0,0,0,,0,3I16D,"BROAD ST","CAPITOL AV",210.00,E,N,A,-,N,,,,,,,,,,N,3,0,1,2,A,-,21,22106,,N,D,C,A,A,H,-,A,A,0,,,,,Y,,A,01,0,1,0,0,0,0,0,0,0,-,-,,,"SAN FRANCISCO","SAN FRANCISCO",-122.4583138,37.71318755
8343055,2017,2017-04-12,3801,2017-03-15,1751,293,CENTR,3,5,7,3801,0,0,0,,0,3A13D,"HYDE ST","BAY ST",70.00,S,N,A,-,N,,,,,,,,,,Y,4,0,1,3,A,-,02,22400,A,N,C,F,A,A,H,-,A,D,0,,,,,Y,,A,01,0,0,1,0,0,0,0,0,0,-,-,,,"SAN FRANCISCO","SAN FRANCISCO",-122.42012477,37.80459974
8343054,2017,2017-04-19,3801,2017-03-20,1750,209,NORTH,1,5,7,3801,0,0,0,,0,03E,CALIFORNIA,DIVISADERO,0.00,,Y,A,-,N,,,,,,,,,,N,4,0,1,2,A,-,10,21950,A,F,G,B,B,A,H,-,A,A,0,Y,,,,Y,Y,-,,0,0,1,0,1,0,0,0,0,-,-,,,"SAN FRANCISCO","SAN FRANCISCO",-122.44045,37.78807993
8343053,2017,2017-04-11,3801,2017-03-23,1842,1304,COC,4,5,7,3801,0,0,0,,0,3C14D,"SILVER AV","SAN BRUNO AV",127.00,W,N,A,-,N,,,,,,,,,,N,3,0,1,2,A,-,11,21954,A,N,G,B,D,A,H,-,B,A,0,Y,,,,Y,,N,60,0,1,0,0,1,0,0,0,0,-,-,,,"SAN FRANCISCO","SAN FRANCISCO",-122.40602746,37.73231961
8343052,2017,2017-06-17,3801,2017-03-13,1753,754,NORTH,1,5,7,3801,0,0,0,,0,3E11D,DIVISADERO,HAYES,107.00,S,N,A,-,N,,,,,,,,,,Y,3,0,1,2,A,-,08,22107,,N,D,C,A,A,H,-,A,A,0,,,Y,,Y,,A,01,0,1,0,0,0,0,0,0,1,-,-,,,"SAN FRANCISCO","SAN FRANCISCO",-122.43773009,37.77468993
8343051,2017,2017-04-12,3801,2017-03-15,2256,2287,NORTH,3,5,7,3801,0,0,0,,0,3J60,"VAN NESS AV","HAYES ST",0.00,,Y,A,-,N,,,,,,,,,,Y,3,0,1,2,A,-,12,21453,A,N,D,C,A,A,D,-,C,A,0,,,Y,,Y,,C,02,0,1,0,0,0,0,0,0,1,-,-,,,"SAN FRANCISCO","SAN FRANCISCO",-122.41967994,37.77728997
8343050,2017,2017-04-13,3801,2017-03-20,2100,4332,RICHM,1,5,7,3801,0,0,0,,0,3G14D,"43RD AV","FULTON ST",0.00,,Y,C,-,N,,,,,,,,,,N,3,0,1,2,A,-,10,21950,A,N,G,B,B,B,H,-,C,A,0,Y,,,,Y,,-,,0,1,0,0,1,0,0,0,0,-,-,,,"SAN FRANCISCO","SAN FRANCISCO",-122.50345998,37.7716799
8343049,2017,2017-04-11,3801,2017-03-23,1406,240,SOUTH,4,5,7,3801,0,0,0,,0,901,"6TH ST","HARRISON ST",0.00,,Y,A,-,N,,,,,,,,,,N,4,0,1,2,A,-,10,21950,A,N,G,B,B,A,H,-,A,A,0,Y,,,,Y,,A,07,0,0,1,0,1,0,0,0,0,-,-,,,"SAN FRANCISCO","SAN FRANCISCO",-122.4040799,37.77730992
8343048,2017,2017-05-24,3801,2017-03-13,1850,001861,TARAV,1,5,7,3801,0,0,0,,0,3I13D,"LINCOLN WY","41ST AV",0.00,,Y,A,-,N,,,,,,,,,,Y,4,0,3,2,A,-,12,22450,A,F,D,C,A,A,H,-,A,A,0,,,,,Y,Y,A,01,0,0,3,0,0,0,0,0,0,-,-,,,"SAN FRANCISCO","SAN FRANCISCO",-122.50084998,37.7644099
8343047,2017,2017-04-12,3801,2017-03-15,2015,878,SOUTH,3,5,7,3801,0,0,0,,0,001,"2ND ST","BRANNAN ST",0.00,,Y,A,-,N,,,,,,,,,,Y,2,0,1,2,A,-,09,21801,A,N,D,C,A,A,H,-,C,A,0,,,Y,,Y,,A,01,1,0,0,0,0,0,0,0,1,-,-,,,"SAN FRANCISCO","SAN FRANCISCO",-122.39205999,37.78183995
8343046,2017,2017-04-13,3801,2017-03-20,2029,004313,RICHM,1,5,7,3801,0,0,0,,0,002,"OFARRELL ST","MASONIC AV",0.00,,Y,C,-,N,,,,,,,,,,,4,0,1,2,A,-,00,21458,B,N,G,B,B,B,H,-,C,A,0,Y,,,,Y,,N,60,0,0,1,0,1,0,0,0,0,-,-,,,"SAN FRANCISCO","SAN FRANCISCO",-122.44753988,37.7810399
8343045,2017,2017-04-11,3801,2017-03-23,0827,4292,BAYVI,4,5,7,3801,0,0,0,,0,3C12B,"PALOU AV","HAWES ST",50.00,W,N,A,-,N,,,,,,,,,,Y,4,0,1,2,A,-,08,22107,,N,B,C,A,A,H,-,A,A,0,,,,,Y,,A,07,0,0,1,0,0,0,0,0,0,-,-,,,"SAN FRANCISCO","SAN FRANCISCO",-122.38170987,37.72875078
8343044,2017,2017-04-13,3801,2017-03-14,1041,573,CENTR,2,5,7,3801,0,0,0,,0,4B2F,"DRUMM ST","WASHINGTON ST",0.00,,Y,A,-,N,,,,,,,,,,Y,2,0,1,2,A,-,17,21657,,F,D,G,A,A,H,-,A,A,0,,Y,,,Y,,L,04,1,0,0,0,0,0,1,0,0,-,-,37.7964,-122.39695,"SAN FRANCISCO","SAN FRANCISCO",-122.39697999,37.79636996
8343043,2017,2017-04-12,3801,2017-03-15,1651,A22058,COG,3,5,7,3801,0,0,0,,0,004,"GEARY BL","18TH AV",0.00,,Y,A,-,N,,,,,,,,,,Y,4,0,1,2,A,-,09,21801,A,N,D,C,A,A,H,-,A,A,0,,,,,Y,,A,01,0,0,1,0,0,0,0,0,0,-,-,,,"SAN FRANCISCO","SAN FRANCISCO",-122.47724993,37.78048995
8343042,2017,2017-04-13,3801,2017-03-20,0920,1469,NORTH,1,5,7,3801,0,0,0,,0,3E13A,"GOUGH ST","FULTON ST",130.00,S,N,A,-,N,,,,,,,,,,N,3,0,1,2,A,-,03,22350,A,N,C,C,A,A,H,-,A,A,0,,,,,Y,,A,01,0,1,0,0,0,0,0,0,0,-,-,,,"SAN FRANCISCO","SAN FRANCISCO",-122.42327872,37.77839738
8343041,2017,2017-04-11,3801,2017-03-23,0811,616,MISSI,4,5,7,3801,0,0,0,,0,901,"24TH ST","FOLSOM ST",0.00,,Y,A,-,N,,,,,,,,,,N,3,0,1,2,A,-,08,22102,,F,B,G,A,A,H,-,A,A,0,,Y,,,Y,,A,01,0,1,0,0,0,0,1,0,0,-,-,,,"SAN FRANCISCO","SAN FRANCISCO",-122.41408991,37.7525099
8343040,2017,2017-04-13,3801,2017-03-25,0132,A22251,INGLE,6,5,7,3801,0,0,0,,0,3H15E,"ONONDAGA AV","ALEMANY AV",0.00,,Y,A,-,N,,,,,,,,,,N,4,0,2,2,A,-,03,22350,,F,C,C,A,B,H,-,C,A,0,,,,,Y,,A,01,0,0,2,0,0,0,0,0,0,-,-,,,"SAN FRANCISCO","SAN FRANCISCO",-122.43870986,37.7216499
8343039,2017,2017-04-12,3801,2017-03-28,1800,936,CENTR,2,5,7,3801,0,0,0,,0,3A40D,"LEAVENWORTH ST","NORTH POINT ST",8.00,N,N,A,-,N,,,,,,,,,,N,4,0,1,2,A,-,09,21802,A,N,-,G,A,-,H,-,A,A,0,,Y,,,Y,,A,01,0,0,1,0,0,0,1,0,0,-,-,,,"SAN FRANCISCO","SAN FRANCISCO",-122.41873408,37.80595174
8343036,2017,2017-04-18,3801,2017-03-25,1600,1564,INGLE,6,5,7,3801,0,0,0,,0,901,"OCEAN AV","ONONDAGA ST",35.00,W,N,A,-,N,,,,,,,,,,N,4,0,1,2,A,-,03,22350,,N,D,G,A,A,H,-,A,D,0,,Y,,,Y,,L,04,0,0,1,0,0,0,1,0,0,-,-,,,"SAN FRANCISCO","SAN FRANCISCO",-122.44265985,37.7231565
8343035,2017,2017-04-12,3801,2017-03-28,0950,1529,CENTR,2,5,7,3801,0,0,0,,0,3A15A,"DRUMM ST","WASHINGTON ST",37.00,S,N,A,-,N,,,,,,,,,,N,4,0,1,2,A,-,03,22350,,N,C,C,A,A,H,-,A,A,0,,,,,Y,,A,01,0,0,1,0,0,0,0,0,0,-,-,,,"SAN FRANCISCO","SAN FRANCISCO",-122.39695991,37.79626961
8343031,2017,2017-04-27,3801,2017-03-27,2100,4666,COI,1,5,7,3801,0,0,0,,0,3I00,"LINCOLN WY","22ND AV",0.00,,Y,A,-,N,,,,,,,,,,N,4,0,1,2,A,-,00,20002,A,M,-,-,A,A,H,-,C,-,0,,,,,Y,,A,01,0,0,1,0,0,0,0,0,0,-,-,,,"SAN FRANCISCO","SAN FRANCISCO",-122.48046998,37.76530989
8343028,2017,2017-04-13,3801,2017-03-25,1845,2093,TARAV,6,5,7,3801,0,0,0,,0,3I5D,"KIRKHAM ST","27TH AV",0.00,,Y,A,-,N,,,,,,,,,,Y,3,0,2,3,A,-,09,21800,E,N,D,C,A,A,H,-,B,A,0,,,,,Y,,A,01,0,1,1,0,0,0,0,0,0,-,-,,,"SAN FRANCISCO","SAN FRANCISCO",-122.48542986,37.75945996
8343027,2017,2017-04-12,3801,2017-03-28,2151,715,CENTR,2,5,7,3801,0,0,0,,0,3A11E,"MARKET ST","MONTGOMERY ST",49.00,W,N,A,-,N,,,,,,,,,,N,3,0,1,2,A,-,11,21955,,F,G,B,D,A,H,-,C,A,0,Y,,,,Y,Y,N,60,0,1,0,0,1,0,0,0,0,-,-,,,"SAN FRANCISCO","SAN FRANCISCO",-122.40211328,37.78867754
8343024,2017,2017-04-26,3801,2017-03-24,1904,1430,MISSI,5,5,7,3801,0,0,0,,0,3D14D,"13TH ST","HARRISON ST",0.00,,Y,B,-,N,,,,,,,,,,Y,4,0,2,2,A,-,09,21801,A,N,D,C,A,B,H,-,B,A,0,,,,,Y,,A,01,0,0,2,0,0,0,0,0,0,-,-,,,"SAN FRANCISCO","SAN FRANCISCO",-122.41340989,37.76944996
8343023,2017,2017-04-12,3801,2017-03-30,0748,2245,RICHM,4,5,7,3801,0,0,0,,0,3G48,"CALIFORNIA ST","15TH AV",9.00,E,N,A,-,N,,,,,,,,,,N,3,0,2,3,A,-,10,21950,A,N,G,B,B,A,H,-,A,D,0,Y,,,,Y,,A,01,0,2,0,0,2,0,0,0,0,-,-,,,"SAN FRANCISCO","SAN FRANCISCO",-122.47422891,37.78437155
8343020,2017,2017-04-26,3801,2017-03-26,1932,499,INGLE,7,5,7,3801,0,0,0,,0,3H12D,"PORTOLA DR","CLIPPER ST",0.00,,Y,C,-,N,,,,,,,,,,N,4,0,1,2,A,-,08,22107,,N,D,C,A,B,H,-,B,A,0,,,,,Y,,A,01,0,0,1,0,0,0,0,0,0,-,-,,,"SAN FRANCISCO","SAN FRANCISCO",-122.44483992,37.74693998
8343019,2017,2017-04-12,3801,2017-03-30,0915,2375,RICHM,4,5,7,3801,0,0,0,,0,3G60,"CABRILLO ST","PARK PRESIDIO BL",0.00,,Y,A,-,N,,,,,,,,,,N,3,0,1,2,A,-,08,22107,,N,D,G,A,A,H,-,A,A,0,,Y,,,Y,,A,01,0,1,0,0,0,0,1,0,0,-,-,,,"SAN FRANCISCO","SAN FRANCISCO",-122.47191991,37.77499991
8343016,2017,2017-04-13,3801,2017-03-26,1720,2422,BAYVI,7,5,7,3801,0,0,0,,0,3C11D,"MISSISSIPPI ST","19TH ST",58.00,S,N,C,-,N,,,,,,,,,,Y,3,0,1,2,A,-,03,22350,,N,B,C,A,B,H,-,A,-,0,,,,,Y,,A,01,0,1,0,0,0,0,0,0,0,-,-,,,"SAN FRANCISCO","SAN FRANCISCO",-122.39446522,37.7612711
8343015,2017,2017-04-12,3801,2017-03-30,1040,273,NORTH,4,5,7,3801,0,0,0,,0,3E61,"OFARRELL ST","STEINER ST",0.00,,Y,A,-,N,,,,,,,,,,N,4,0,1,2,A,-,09,21801,A,N,D,G,A,A,H,-,A,D,0,,Y,,,Y,,A,01,0,0,1,0,0,0,1,0,0,-,-,,,"SAN FRANCISCO","SAN FRANCISCO",-122.43432997,37.78306989
8343014,2017,2017-04-13,3801,2017-02-06,1938,256,BAYVI,1,5,7,3801,0,0,0,,0,4B8I,"MCKINNON AV","RANKIN ST",210.00,W,N,C,-,N,,,,,,,,,,N,2,0,1,2,A,-,11,21954,A,F,G,B,E,B,H,-,C,D,0,Y,,,,Y,,N,60,1,0,0,0,1,0,0,0,0,-,-,37.74005,-122.39666,"SAN FRANCISCO","SAN FRANCISCO",-122.39733517,37.74043801
8343012,2017,2017-04-13,3801,2017-03-26,1805,2447,RICHM,7,5,7,3801,0,0,0,,0,3G14D,"GEARY BL","29TH AV",0.00,,Y,C,-,N,,,,,,,,,,Y,3,0,2,2,A,-,12,21453,A,N,D,C,A,B,H,-,A,A,0,,,,,Y,,A,01,0,1,1,0,0,0,0,0,0,-,-,,,"SAN FRANCISCO","SAN FRANCISCO",-122.48901989,37.77996991
8343011,2017,2017-04-12,3801,2017-03-29,1800,642,NORTH,3,5,7,3801,0,0,0,,0,005,"BROADWAY ST","FRANKLIN ST",2.00,W,N,A,-,N,,,,,,,,,,N,3,0,1,2,A,-,03,22350,,N,D,G,A,A,H,-,A,A,0,,Y,,,Y,,L,04,0,1,0,0,0,0,1,0,0,-,-,,,"SAN FRANCISCO","SAN FRANCISCO",-122.42503685,37.79552918
8343010,2017,2017-04-13,3801,2017-02-11,1528,1113,PARK,6,5,7,3801,0,0,0,,0,3F12D,"JOHN F KENNEDY DR","CONSERVATORY DR EAST",139.00,W,N,A,-,N,,,,,,,,,,N,2,0,1,3,A,-,03,22350,,N,G,B,E,A,H,-,A,D,0,Y,,,,Y,,A,01,1,0,0,0,1,0,0,0,0,-,-,,,"SAN FRANCISCO","SAN FRANCISCO",-122.45734581,37.77104548
8343008,2017,2017-04-13,3801,2017-03-25,0040,2400,CENTR,6,5,7,3801,0,0,0,,0,3A61,"POLK ST","BUSH ST",70.00,S,N,B,-,N,,,,,,,,,,N,4,0,1,3,A,-,17,22517,,N,B,B,E,B,H,-,C,D,0,Y,,,,Y,Y,N,60,0,0,1,0,1,0,0,0,0,-,-,,,"SAN FRANCISCO","SAN FRANCISCO",-122.42025664,37.7885008
8343007,2017,2017-04-12,3801,2017-03-29,1505,135,MISSI,3,5,7,3801,0,0,0,,0,3D13C,"19TH ST","SOUTH VAN NESS AV",0.00,,Y,A,-,N,,,,,,,,,,N,4,0,1,2,A,-,09,21801,A,N,D,C,A,A,H,-,A,A,0,,,Y,,Y,,A,01,0,0,1,0,0,0,0,0,1,-,-,,,"SAN FRANCISCO","SAN FRANCISCO",-122.4170599,37.76035993
8343004,2017,2017-04-13,3801,2017-03-25,1857,463,NORTH,6,5,7,3801,0,0,0,,0,3E14C,"HAYES ST","WEBSTER ST",0.00,,Y,A,-,N,,,,,,,,,,N,3,0,2,2,A,-,06,21750,A,N,B,C,A,A,H,-,B,A,0,,,Y,,Y,,C,02,0,1,1,0,0,0,0,0,2,-,-,,,"SAN FRANCISCO","SAN FRANCISCO",-122.42953999,37.77603999
8343003,2017,2017-04-12,3801,2017-03-29,1605,2310,NORTH,3,5,7,3801,0,0,0,,0,3E41C,"FELL ST","SCOTT ST",0.00,,Y,A,-,N,,,,,,,,,,N,4,0,1,2,A,-,12,21453,A,N,D,G,A,A,H,-,A,A,0,,Y,,,Y,,L,04,0,0,1,0,0,0,1,0,0,-,-,,,"SAN FRANCISCO","SAN FRANCISCO",-122.43593987,37.77426993
8343000,2017,2017-04-13,3801,2017-03-25,1924,1480,MISSI,6,5,7,3801,0,0,0,,0,3D12E,"18TH ST","VALENCIA ST",75.00,E,N,A,-,N,,,,,,,,,,N,4,0,1,2,A,-,08,22107,,N,D,G,A,A,H,-,C,D,0,,Y,,,Y,,A,01,0,0,1,0,0,0,1,0,0,-,-,,,"SAN FRANCISCO","SAN FRANCISCO",-122.42130101,37.76172328
8342999,2017,2017-04-12,3801,2017-03-29,1508,1994,CENTR,3,5,7,3801,0,0,0,,0,4B7E,"COLUMBUS AV","UNION ST",198.00,N,N,A,-,N,,,,,,,,,,Y,2,0,1,2,A,-,11,21955,,F,G,B,D,A,H,-,A,D,0,Y,,,,Y,,N,60,1,0,0,0,1,0,0,0,0,-,-,37.80034,-122.41038,"SAN FRANCISCO","SAN FRANCISCO",-122.41068838,37.80066586
8342996,2017,2017-04-13,3801,2017-03-25,0152,696,TARAV,6,5,7,3801,0,0,0,,0,3I16E,"MOUNT VERNON ST","HOWTH ST",0.00,,Y,B,-,N,,,,,,,,,,Y,4,0,3,2,A,-,12,22450,A,N,C,C,A,B,H,-,C,A,0,,,,,Y,,A,01,0,0,3,0,0,0,0,0,0,-,-,,,"SAN FRANCISCO","SAN FRANCISCO",-122.45162997,37.71966997
8342995,2017,2017-04-12,3801,2017-03-29,1355,1,NORTH,3,5,7,3801,0,0,0,,0,3E70A,"FULTON ST","STEINER ST",60.00,W,N,A,-,N,,,,,,,,,,Y,4,0,2,2,A,-,21,22106,,N,D,C,A,A,H,-,A,D,0,,,,,Y,,A,01,0,0,2,0,0,0,0,0,0,-,-,,,"SAN FRANCISCO","SAN FRANCISCO",-122.43341595,37.77746926
8342991,2017,2017-04-26,3801,2017-03-31,0921,2446,MISSI,5,5,7,3801,0,0,0,,0,3D15A,"DUBOCE AV","VALENCIA ST",0.00,,Y,A,-,N,,,,,,,,,,N,4,0,1,2,A,-,08,22107,,N,B,C,A,A,H,-,A,A,0,,,,,Y,,A,01,0,0,1,0,0,0,0,0,0,-,-,,,"SAN FRANCISCO","SAN FRANCISCO",-122.42235989,37.76986998
8342988,2017,2017-04-13,3801,2017-03-28,2055,1561,,2,5,7,3801,0,0,0,,0,3D61,"25TH ST","ALABAMA ST",0.00,,Y,A,-,N,,,,,,,,,,N,4,0,2,2,A,-,12,22450,A,M,D,C,A,A,H,-,C,A,0,,,,,Y,,-,,0,0,2,0,0,0,0,0,0,-,-,,,"SAN FRANCISCO","SAN FRANCISCO",-122.41079986,37.75107989
8342987,2017,2017-04-11,3801,2017-03-31,1830,2095,COD,5,5,7,3801,0,0,0,,0,901,"25TH ST","FAIR OAKS ST",10.00,W,N,A,-,N,,,,,,,,,,N,3,0,1,2,A,-,11,21950,B,N,G,B,B,A,H,-,A,A,0,Y,,,,Y,,N,60,0,1,0,0,1,0,0,0,0,-,-,,,"SAN FRANCISCO","SAN FRANCISCO",-122.42385449,37.75031784
8342983,2017,2017-04-11,3801,2017-03-31,0156,1368,CENTR,5,5,7,3801,0,0,0,,0,3A11E,"LARKIN ST","BUSH ST",0.00,,Y,A,-,N,,,,,,,,,,Y,2,0,1,2,A,-,12,21453,A,N,-,C,A,A,H,-,C,A,0,,,Y,,Y,,C,02,1,0,0,0,0,0,0,0,1,-,-,,,"SAN FRANCISCO","SAN FRANCISCO",-122.41866993,37.78889995
8342982,2017,2017-04-13,3801,2017-02-13,1943,1730,SOUTH,1,5,7,3801,0,0,0,,0,4B4D,"VERMONT ST","17TH ST",0.00,,Y,A,-,N,,,,,,,,,,N,3,0,2,2,A,-,12,22450,A,N,D,G,A,A,H,-,C,A,0,,Y,,,Y,,A,08,0,1,1,0,0,0,2,0,0,-,-,37.76465,-122.40447,"SAN FRANCISCO","SAN FRANCISCO",-122.40448987,37.76467993
8342980,2017,2017-04-13,3801,2017-03-27,1040,618,TARAV,1,5,7,3801,0,0,0,,0,3I13A,"NORIEGA ST","16TH AV",0.00,,Y,A,-,N,,,,,,,,,,N,4,0,1,2,A,-,03,22350,,F,G,B,E,A,H,-,A,A,0,Y,,,,Y,,-,,0,0,1,0,1,0,0,0,0,-,-,,,"SAN FRANCISCO","SAN FRANCISCO",-122.47332999,37.75547995
8342979,2017,2017-04-11,3801,2017-03-31,1823,1994,PARK,5,5,7,3801,0,0,0,,0,4B3E,"14TH ST","NOE ST",13.00,W,N,A,-,N,,,,,,,,,,N,3,0,1,2,A,-,11,21950,B,N,G,B,B,A,H,-,A,A,0,Y,,,,Y,,N,60,0,1,0,0,1,0,0,0,0,-,-,,,"SAN FRANCISCO","SAN FRANCISCO",-122.43344481,37.76746686
8342978,2017,2017-04-13,3801,2017-02-18,2310,2716,PARK,6,5,7,3801,0,0,0,,0,3F14E,"STANYAN ST",HAYES,60.00,N,N,A,-,N,,,,,,,,,,N,4,0,1,2,A,-,04,21703,,N,C,C,A,A,H,-,C,A,0,,,,,Y,,A,01,0,0,1,0,0,0,0,0,0,-,-,,,"SAN FRANCISCO","SAN FRANCISCO",-122.45433104,37.77303298
8342976,2017,2017-04-13,3801,2017-03-27,1750,796,NORTH,1,5,7,3801,0,0,0,,0,3E12D,"VAN NESS AV","ELM ST",0.00,,Y,A,-,N,,,,,,,,,,N,3,0,1,2,A,-,17,21658,,N,B,G,A,A,H,-,A,D,0,,Y,,,Y,,L,04,0,1,0,0,0,0,1,0,0,-,-,,,"SAN FRANCISCO","SAN FRANCISCO",-122.42048995,37.78147999
8342975,2017,2017-04-11,3801,2017-03-31,1724,1427,TENDE,5,5,7,3801,0,0,0,,0,J12,"MARKET ST","CYRIL MAGNIN",0.00,,Y,A,-,N,,,,,,,,,,N,4,0,1,2,A,-,21,22106,,F,G,B,B,A,H,-,A,A,0,Y,,,,Y,,A,01,0,0,1,0,1,0,0,0,0,-,-,,,"SAN FRANCISCO","SAN FRANCISCO",-122.40805989,37.78399992
8342974,2017,2017-04-13,3801,2017-02-03,1720,2355,SOUTH,5,5,7,3801,0,0,0,,0,001,"2ND ST","BRYANT ST",0.00,,Y,A,-,N,,,,,,,,,,N,4,0,1,2,A,-,09,21801,,F,D,C,A,A,H,-,A,A,0,,,,,Y,,-,99,0,0,1,0,0,0,0,0,0,-,-,,,"SAN FRANCISCO","SAN FRANCISCO",-122.39362985,37.78307993
8342972,2017,2017-04-19,3801,2017-03-27,1945,2095,"CO D",1,5,7,3801,0,0,0,,0,901,"HAMPSHIRE ST","21ST ST",50.00,S,N,A,-,N,,,,,,,,,,N,3,0,1,2,A,-,17,22517,,F,H,G,A,A,H,-,C,D,0,,Y,,,Y,,A,01,0,1,0,0,0,0,1,0,0,-,-,,,"SAN FRANCISCO","SAN FRANCISCO",-122.40773786,37.75756298
8342971,2017,2017-04-11,3801,2017-03-31,2331,1514,COD,5,5,7,3801,0,0,0,,0,3D15E,"18TH ST","CHURCH ST",0.00,,Y,A,-,N,,,,,,,,,,Y,4,0,1,2,A,-,12,21453,A,F,D,C,A,A,H,-,C,A,0,,,,,Y,,A,01,0,0,1,0,0,0,0,0,0,-,-,,,"SAN FRANCISCO","SAN FRANCISCO",-122.42837989,37.76129991