CASE_ID,ACCIDENT_YEAR,PROC_DATE,JURIS,COLLISION_DATE,COLLISION_TIME,OFFICER_ID,REPORTING_DISTRICT,DAY_OF_WEEK,CHP_SHIFT,POPULATION,CNTY_CITY_LOC,SPECIAL_COND,BEAT_TYPE,CHP_BEAT_TYPE,CITY_DIVISION_LAPD,CHP_BEAT_CLASS,BEAT_NUMBER,PRIMARY_RD,SECONDARY_RD,DISTANCE,DIRECTION,INTERSECTION,WEATHER_1,WEATHER_2,STATE_HWY_IND,CALTRANS_COUNTY,CALTRANS_DISTRICT,STATE_ROUTE,ROUTE_SUFFIX,POSTMILE_PREFIX,POSTMILE,LOCATION_TYPE,RAMP_INTERSECTION,SIDE_OF_HWY,TOW_AWAY,COLLISION_SEVERITY,NUMBER_KILLED,NUMBER_INJURED,PARTY_COUNT,PRIMARY_COLL_FACTOR,PCF_CODE_OF_VIOL,PCF_VIOL_CATEGORY,PCF_VIOLATION,PCF_VIOL_SUBSECTION,HIT_AND_RUN,TYPE_OF_COLLISION,MVIW,PED_ACTION,ROAD_SURFACE,ROAD_COND_1,ROAD_COND_2,LIGHTING,CONTROL_DEVICE,CHP_ROAD_TYPE,PEDESTRIAN_ACCIDENT,BICYCLE_ACCIDENT,MOTORCYCLE_ACCIDENT,TRUCK_ACCIDENT,NOT_PRIVATE_PROPERTY,ALCOHOL_INVOLVED,STWD_VEHTYPE_AT_FAULT,CHP_VEHTYPE_AT_FAULT,COUNT_SEVERE_INJ,COUNT_VISIBLE_INJ,COUNT_COMPLAINT_PAIN,COUNT_PED_KILLED,COUNT_PED_INJURED,COUNT_BICYCLIST_KILLED,COUNT_BICYCLIST_INJURED,COUNT_MC_KILLED,COUNT_MC_INJURED,PRIMARY_RAMP,SECONDARY_RAMP,LATITUDE,LONGITUDE,COUNTY,CITY,POINT_X,POINT_Y
8335830,2017,2017-04-20,3801,2017-03-12,2240,2084,,7,5,7,3801,0,0,0,,0,,"SUNNYDALE AV","PERSIA ST",0.00,,Y,-,-,N,,,,,,,,,,N,4,0,1,1,A,-,03,22350,,N,E,I,A,-,-,-,C,-,0,,,,,Y,,A,01,0,0,1,0,0,0,0,0,0,-,-,,,"SAN FRANCISCO","SAN FRANCISCO",-122.42586998,37.71827997
8335821,2017,2017-08-31,3801,2017-03-08,2127,658,MISSI,3,5,7,3801,0,0,0,,0,3D63,"FOLSOM ST","15TH ST",30.00,S,N,A,-,N,,,,,,,,,,Y,4,0,2,2,A,-,03,22350,,N,C,C,A,A,H,-,C,A,0,,,,,Y,,A,01,0,0,2,0,0,0,0,0,0,-,-,,,"SAN FRANCISCO","SAN FRANCISCO",-122.41545189,37.76684784
8335817,2017,2017-08-31,3801,2017-03-12,2340,129,CENTR,7,5,7,3801,0,0,0,,0,3A14E,"THE EMBARCADERO","BAY ST",25.00,S,N,A,-,N,,,,,,,,,,Y,4,0,1,3,A,-,03,22350,,N,C,C,A,A,H,-,C,A,0,,,,,Y,,A,01,0,0,1,0,0,0,0,0,0,-,-,,,"SAN FRANCISCO","SAN FRANCISCO",-122.40589644,37.8065938
8335813,2017,2017-11-30,3801,2017-03-26,1219,2104,TENDE,7,5,7,3801,0,0,0,,0,3J11A,"POST ST","VAN NESS AV",120.00,E,N,A,-,N,,,,,,,,,,N,4,0,1,2,A,-,17,21235,G,N,H,J,A,A,H,-,A,D,0,,,Y,,Y,,C,03,0,0,1,0,0,0,0,0,1,-,-,,,"SAN FRANCISCO","SAN FRANCISCO",-122.42124067,37.7866655
8335809,2017,2017-08-31,3801,2017-03-18,1429,1362,CENTR,6,5,7,3801,0,0,0,,0,3A14B,"WASHINGTON ST","GRANT ST",0.00,,Y,A,-,N,,,,,,,,,,N,3,0,1,2,D,-,00,,,N,G,B,B,A,H,-,A,A,0,Y,,,,Y,,-,-,0,1,0,0,1,0,0,0,0,-,-,,,"SAN FRANCISCO","SAN FRANCISCO",-122.40644999,37.79515995
8335805,2017,2018-02-28,3801,2017-03-02,1821,2081,BAYVI,4,5,7,3801,0,0,0,,0,001,"PENNSYLVANIA AV","RT 280",0.00,,Y,A,-,Y,SF,4,280,-,R,5.761,R,4,S,Y,4,0,7,3,A,-,09,21801,A,N,A,C,A,A,H,-,C,D,0,,,,,Y,,A,01,0,0,7,0,0,0,0,0,0,-,SO,,,"SAN FRANCISCO","SAN FRANCISCO",-122.39160525,37.75186954
8335801,2017,2017-06-21,3801,2017-03-02,1815,000312,TARAV,4,5,7,3801,0,0,0,,0,5CAR,"SKYLINE BL","SKYLINE BL 599",0.00,,-,A,-,Y,SF,4,35,-,-,0.120,I,5,N,Y,4,0,2,2,A,-,09,21804,A,N,D,C,A,A,H,-,B,D,0,,,,,Y,,A,07,0,0,2,0,0,0,0,0,0,-,-,,,"SAN FRANCISCO","SAN FRANCISCO",-122.49796735,37.71000126
8335799,2017,2017-04-15,3801,2017-03-02,1523,002101,,4,5,7,3801,0,0,0,,0,COI,"12TH AV","KIRKHAM ST",0.00,,Y,A,-,N,,,,,,,,,,N,3,0,1,2,A,-,11,21954,A,N,G,B,E,A,H,-,A,A,0,Y,,,,Y,,N,60,0,1,0,0,1,0,0,0,0,-,-,,,"SAN FRANCISCO","SAN FRANCISCO",-122.46927,37.76015991
8335797,2017,2017-08-31,3801,2017-03-15,0520,1817,CENTR,3,5,7,3801,0,0,0,,0,3A11E,"CLAY ST","LEAVENWORTH ST",100.00,W,N,A,-,N,,,,,,,,,,N,3,0,1,2,A,-,11,21954,A,N,G,B,E,A,H,-,D,-,0,Y,,,,Y,,N,60,0,1,0,0,1,0,0,0,0,-,-,,,"SAN FRANCISCO","SAN FRANCISCO",-122.41645181,37.7929665
8335794,2017,2017-08-28,3801,2017-03-27,0034,629,NORTH,1,5,7,3801,0,0,0,,0,3E13E,"FRANKLIN ST","FULTON ST",0.00,,Y,A,-,N,,,,,,,,,,N,4,0,1,3,A,-,08,22107,,N,C,C,A,A,H,-,C,A,0,,,,,Y,,A,01,0,0,1,0,0,0,0,0,0,-,-,,,"SAN FRANCISCO","SAN FRANCISCO",-122.42171987,37.77893999
8335793,2017,2017-08-31,3801,2017-03-16,1905,1052,COJ,4,5,7,3801,0,0,0,,0,3J14D,"TAYLOR ST","EDDY ST",90.00,N,N,A,-,N,,,,,,,,,,N,3,0,1,2,A,-,17,21657,,N,A,G,A,A,H,-,B,A,0,,Y,,,Y,,L,04,0,1,0,0,0,0,1,0,0,-,-,,,"SAN FRANCISCO","SAN FRANCISCO",-122.41099681,37.78440444
8335790,2017,2017-08-28,3801,2017-03-26,1923,192,NORTH,7,5,7,3801,0,0,0,,0,3E11D,"HAYES ST","WEBSTER ST",0.00,,Y,C,-,N,,,,,,,,,,N,4,0,1,2,A,-,06,21755,A,N,B,C,A,B,H,-,B,A,0,,,Y,,Y,,C,02,0,0,1,0,0,0,0,0,1,-,-,,,"SAN FRANCISCO","SAN FRANCISCO",-122.42953999,37.77603999
8335789,2017,2017-08-31,3801,2017-03-10,1542,463,NORTH,5,5,7,3801,0,0,0,,0,3E12C,"HAIGHT ST","DIVISADERO ST",0.00,,Y,A,-,N,,,,,,,,,,N,4,0,1,2,A,-,05,21752,D,N,B,C,A,A,H,-,A,A,0,,,Y,,Y,,C,02,0,0,1,0,0,0,0,0,1,-,-,,,"SAN FRANCISCO","SAN FRANCISCO",-122.43703996,37.77126992
8335786,2017,2017-11-30,3801,2017-03-31,1530,2300,TENDE,5,5,7,3801,0,0,0,,0,3J11D,"MARKET ST","7TH ST",12.00,E,N,A,-,N,,,,,,,,,,N,3,0,2,2,D,-,00,,,N,B,J,E,A,H,-,A,D,0,Y,,Y,,Y,,-,-,0,2,0,0,1,0,0,0,1,-,-,,,"SAN FRANCISCO","SAN FRANCISCO",-122.41248095,37.78050357
8335785,2017,2017-08-31,3801,2017-03-11,1255,2039,RICHM,6,5,7,3801,0,0,0,,0,004,"FULTON ST","27TH AV",0.00,,Y,A,-,N,,,,,,,,,,N,4,0,1,2,A,-,08,22107,,N,D,C,A,A,H,-,A,A,0,,,,,Y,,A,01,0,0,1,0,0,0,0,0,0,-,-,,,"SAN FRANCISCO","SAN FRANCISCO",-122.48632992,37.77246994
8335781,2017,2017-08-31,3801,2017-03-01,1705,776,TARAV,3,5,7,3801,0,0,0,,0,3I16D,"MONTEREY BL","NORTHGATE DR",0.00,,Y,A,-,N,,,,,,,,,,N,3,0,1,2,A,-,08,22107,,N,A,G,A,A,H,-,A,A,0,,Y,,,Y,,A,01,0,1,0,0,0,0,1,0,0,-,-,,,"SAN FRANCISCO","SAN FRANCISCO",-122.46171987,37.73001998
8335777,2017,2017-06-22,3801,2017-03-02,1212,1574,,4,5,7,3801,0,0,0,,0,3I5E,"19TH AV","SLOAT BL",0.00,,Y,A,-,Y,SF,4,1,-,-,1.890,H,-,N,Y,4,0,1,4,A,-,03,22350,,N,C,C,A,A,H,-,A,A,0,,,,,Y,,A,01,0,0,1,0,0,0,0,0,0,-,-,,,"SAN FRANCISCO","SAN FRANCISCO",-122.47507748,37.73454423
8335773,2017,2017-08-31,3801,2017-03-14,1439,2132,MISSI,2,5,7,3801,0,0,0,,0,3D62,"CESAR CHAVEZ ST","ALABAMA ST",0.00,,Y,A,-,N,,,,,,,,,,N,3,0,1,2,A,-,08,22107,,N,B,G,A,-,H,-,A,A,0,,Y,,,Y,,-,,0,1,0,0,0,0,1,0,0,-,-,,,"SAN FRANCISCO","SAN FRANCISCO",-122.41053993,37.74832989
8335770,2017,2017-11-29,3801,2017-03-05,1737,002256,INGLE,7,5,7,3801,0,0,0,,0,3H15D,"MISSION ST","MOUNT VERNON AV",0.00,,Y,B,-,N,,,,,,,,,,Y,3,0,5,3,A,-,12,21453,A,N,D,C,A,A,H,-,A,A,0,,,,,Y,,A,01,0,3,2,0,0,0,0,0,0,-,-,,,"SAN FRANCISCO","SAN FRANCISCO",-122.4426499,37.71460989
8335664,2017,2017-04-20,3801,2017-03-31,2340,4347,TARAV,5,5,7,3801,0,0,0,,0,3I11E,"19TH AV","SANTIAGO ST",0.00,,Y,A,-,N,,,,,,,,,,N,4,0,1,2,A,-,04,21703,,N,C,C,A,A,H,-,C,A,0,,,,,Y,,-,-,0,0,1,0,0,0,0,0,0,-,-,,,"SAN FRANCISCO","SAN FRANCISCO",-122.47579988,37.7448999
8335652,2017,2017-08-28,3801,2017-03-23,0814,2375,RICHM,4,5,7,3801,0,0,0,,0,3G60,"CALIFORNIA ST","19TH AV",9.00,E,N,A,-,N,,,,,,,,,,N,3,0,1,2,A,-,10,21950,A,N,G,B,B,A,H,-,A,A,0,Y,,,,Y,,A,01,0,1,0,0,1,0,0,0,0,-,-,,,"SAN FRANCISCO","SAN FRANCISCO",-122.47855888,37.78417116
8335648,2017,2017-08-28,3801,2017-03-23,1916,2731,COG,4,5,7,3801,0,0,0,,0,002,"CALIFORNIA ST","BRODERICK ST",0.00,,Y,A,-,N,,,,,,,,,,Y,4,0,3,2,A,-,12,21453,A,N,D,C,A,A,H,-,A,A,0,,,,,Y,,A,01,0,0,3,0,0,0,0,0,0,-,-,,,"SAN FRANCISCO","SAN FRANCISCO",-122.44207992,37.78784991
8335520,2017,2017-04-18,3801,2017-03-09,0830,2127,SOUTH,4,5,7,3801,0,0,0,,0,4B1A,"CHINA BASIN ST","3RD ST",236.00,E,N,A,-,N,,,,,,,,,,Y,4,0,2,2,A,-,01,23153,A,N,B,C,A,A,H,-,A,D,0,,,,,Y,Y,A,07,0,0,2,0,0,0,0,0,0,-,-,,,"SAN FRANCISCO","SAN FRANCISCO",-122.38971,37.77202
8335512,2017,2017-04-18,3801,2017-03-12,0029,2211,"CO J",7,5,7,3801,0,0,0,,0,3J13E,"HARRISON ST","11TH ST",93.00,E,N,A,-,N,,,,,,,,,,N,4,0,1,2,A,-,04,21703,,N,C,E,A,A,H,-,C,D,0,,,,,Y,,A,01,0,0,1,0,0,0,0,0,0,-,-,,,"SAN FRANCISCO","SAN FRANCISCO",-122.41224555,37.77081311
8335504,2017,2017-04-18,3801,2017-03-20,1743,260,SOUTH,1,5,7,3801,0,0,0,,0,3J11D,"5TH ST","BRANNAN ST",0.00,,Y,C,-,N,,,,,,,,,,Y,4,0,2,2,A,-,00,21806,,N,D,C,A,B,H,-,A,A,0,,,,,Y,,A,01,0,0,2,0,0,0,0,0,0,-,-,,,"SAN FRANCISCO","SAN FRANCISCO",-122.39875995,37.77656989
8333280,2017,2017-06-22,3801,2017-03-28,1450,158,NORTH,2,5,7,3801,0,0,0,,0,3E13C,"VAN NESS AV","SUTTER ST",0.00,,Y,A,-,Y,SF,4,101,-,-,5.740,I,5,N,N,4,0,1,2,A,-,11,21950,B,N,G,B,B,A,H,-,A,A,0,Y,,,,Y,,N,60,0,0,1,0,1,0,0,0,0,-,-,,,"SAN FRANCISCO","SAN FRANCISCO",-122.42167383,37.78759024
8333279,2017,2017-08-04,3801,2017-03-29,0954,736,I,3,5,7,3801,0,0,0,,0,3I4A,"19TH AV","SLOAT BL",250.00,N,N,A,-,Y,SF,4,1,-,-,1.950,H,-,S,N,4,0,1,2,A,-,03,22350,,N,C,C,A,A,H,-,A,A,0,,,,,Y,,A,07,0,0,1,0,0,0,0,0,0,-,-,,,"SAN FRANCISCO","SAN FRANCISCO",-122.47525255,37.73538079
8333275,2017,2017-06-19,3801,2017-03-24,1225,242,CENTR,5,5,7,3801,0,0,0,,0,005,BATTERY,"CALIFORNIA ST",12.00,S,N,C,-,N,,,,,,,,,,N,4,0,1,2,A,-,11,21456,B,N,G,B,B,B,H,-,A,A,0,Y,,,,Y,,N,60,0,0,1,0,1,0,0,0,0,-,-,,,"SAN FRANCISCO","SAN FRANCISCO",-122.39997291,37.79319752
8333271,2017,2017-06-19,3801,2017-03-15,1543,2007,CENTR,3,5,7,3801,0,0,0,,0,001,"GEARY ST","JONES ST",0.00,,Y,A,B,N,,,,,,,,,,N,3,0,1,2,A,-,10,21950,A,N,G,B,B,A,H,-,A,A,0,Y,,,,Y,,-,,0,1,0,0,1,0,0,0,0,-,-,,,"SAN FRANCISCO","SAN FRANCISCO",-122.41314992,37.78674997
8333268,2017,2017-08-04,3801,2017-03-19,1942,738,NORTH,7,5,7,3801,0,0,0,,0,3E15D,"LOMBARD ST","LAGUNA ST",0.00,,Y,A,-,Y,SF,4,101,-,-,7.066,I,5,S,N,3,0,1,2,A,-,11,21453,D,N,G,B,D,A,H,-,C,A,0,Y,,,,Y,Y,N,60,0,1,0,0,1,0,0,0,0,-,-,,,"SAN FRANCISCO","SAN FRANCISCO",-122.43112929,37.80045054
8333264,2017,2017-06-19,3801,2017-03-16,0834,662,NORTH,4,5,7,3801,0,0,0,,0,3E27,"MCALLISTER ST","LARKIN ST",0.00,W,N,A,-,N,,,,,,,,,,N,4,0,1,2,A,-,09,21801,A,N,D,G,A,A,H,-,A,D,0,,Y,,,Y,,A,01,0,0,1,0,0,0,1,0,0,-,-,,,"SAN FRANCISCO","SAN FRANCISCO",-122.41693994,37.78049992
8333260,2017,2017-08-04,3801,2017-03-13,1120,000443,"SF SU",1,5,7,3801,0,0,0,,0,4C1,"1ST ST","HARRISON ST",0.00,,Y,A,-,Y,SF,4,101,-,-,5.543,R,4,S,N,4,0,2,2,A,-,04,21703,,N,C,C,A,A,H,-,A,A,0,,,,,Y,,A,01,0,0,2,0,0,0,0,0,0,-,-,,,"SAN FRANCISCO","SAN FRANCISCO",-122.42126435,37.78468972
8333252,2017,2017-06-19,3801,2017-03-17,1826,2132,MISSI,5,5,7,3801,0,0,0,,0,3D62,"FOLSOM ST","ENTERPRISE ST",0.00,,Y,A,-,N,,,,,,,,,,N,3,0,1,2,A,-,09,21801,A,N,D,G,A,A,H,-,A,D,0,,Y,,,Y,,-,,0,1,0,0,0,0,1,0,0,-,-,,,"SAN FRANCISCO","SAN FRANCISCO",-122.41523986,37.76469995
8333248,2017,2017-06-19,3801,2017-03-18,1900,2169,TARAV,6,5,7,3801,0,0,0,,0,002,"LINCOLN WY","30TH AV",55.00,E,N,A,-,N,,,,,,,,,,Y,4,0,2,2,A,-,04,21703,,F,C,C,A,A,-,-,A,D,0,,,,,Y,,A,01,0,0,2,0,0,0,0,0,0,-,-,,,"SAN FRANCISCO","SAN FRANCISCO",-122.4888499,37.76494589
8333232,2017,2017-06-19,3801,2017-03-01,0601,625,NORTH,3,5,7,3801,0,0,0,,0,3E11A,"POLK ST","CALIFORNIA ST",0.00,,Y,A,-,N,,,,,,,,,,N,3,0,1,2,A,-,09,21801,A,N,D,G,A,A,H,-,B,A,0,,Y,,,Y,,A,01,0,1,0,0,0,0,1,0,0,-,-,,,"SAN FRANCISCO","SAN FRANCISCO",-122.42067992,37.79056996
8333220,2017,2017-06-19,3801,2017-03-02,2221,2220,NORTH,4,5,7,3801,0,0,0,,0,3E11E,"GOUGH ST","PAGE ST",0.00,,Y,A,-,N,,,,,,,,,,N,4,0,1,2,A,-,08,22107,,N,D,C,A,A,H,-,C,A,0,,,Y,,Y,,A,01,0,0,1,0,0,0,0,0,1,-,-,,,"SAN FRANCISCO","SAN FRANCISCO",-122.4224099,37.77406996
8327462,2017,2017-03-21,3801,2017-01-30,0915,1939,BAYVI,1,5,7,3801,0,0,0,,0,4B6H,"16TH ST","KANSAS ST",73.00,W,N,A,-,N,,,,,,,,,,N,3,0,1,2,A,-,08,22107,,N,B,G,A,A,H,-,A,D,0,,Y,,,Y,,A,07,0,1,0,0,0,0,1,0,0,-,-,37.76599,-122.40358,"SAN FRANCISCO","SAN FRANCISCO",-122.40388164,37.76601239
8327458,2017,2017-03-21,3801,2017-01-08,1409,4214,INGLE,7,5,7,3801,0,0,0,,0,4B4C,"ALEMANY BL","NAGLEE AV",0.00,,Y,C,G,N,,,,,,,,,,Y,2,0,2,2,A,-,09,21802,A,N,D,C,A,B,H,-,A,A,0,,,,,Y,,A,07,2,0,0,0,0,0,0,0,0,-,-,37.71387,-122.4488,"SAN FRANCISCO","SAN FRANCISCO",-122.44900995,37.71394
8327450,2017,2017-03-29,3801,2017-01-23,1006,2376,SOUTH,1,5,7,3801,0,0,0,,0,3B5A,"7TH ST","NATOMA ST",0.00,,Y,B,C,N,,,,,,,,,,N,4,0,2,2,A,-,09,21804,B,N,D,C,A,B,H,-,A,D,0,,,,,Y,,-,-,0,0,2,0,0,0,0,0,0,-,-,,,"SAN FRANCISCO","SAN FRANCISCO",-122.40989998,37.77839993
8327444,2017,2017-06-20,3801,2017-01-28,0931,2127,NORTH,6,5,7,3801,0,0,0,,0,4B1A,"VAN NESS AV","EDDY ST",67.00,N,N,A,-,Y,SF,4,101,-,-,5.430,H,-,S,N,3,0,1,2,A,-,11,21955,,N,G,B,D,A,H,-,A,D,0,Y,,,,Y,,N,60,0,1,0,0,1,0,0,0,0,-,-,,,"SAN FRANCISCO","SAN FRANCISCO",-122.42093775,37.78307102
8327436,2017,2017-08-02,3801,2017-02-07,1525,4375,TARAV,2,5,7,3801,0,0,0,,0,3I15D,"19TH AV","BANBURY DR",0.00,,Y,A,-,Y,SF,4,1,-,-,0.830,I,5,N,Y,4,0,1,1,A,-,03,22350,,N,D,I,A,B,H,-,-,-,0,,,,,Y,,A,01,0,0,1,0,0,0,0,0,0,-,-,,,"SAN FRANCISCO","SAN FRANCISCO",-122.47465407,37.71946565
8327429,2017,2017-08-02,3801,2017-02-03,0105,2191,NORTH,5,5,7,3801,0,0,0,,0,3E15E,"RICHARDSON AV","CHESTNUT ST",200.00,S,N,C,-,Y,SF,4,101,-,-,7.860,H,-,N,Y,3,0,1,2,A,-,09,21453,B,N,E,I,A,B,H,-,C,A,0,,,,,Y,,A,01,0,1,0,0,0,0,0,0,0,-,-,,,"SAN FRANCISCO","SAN FRANCISCO",-122.445436,37.79928084
8327427,2017,2017-08-01,3801,2017-02-06,2059,2030,TARAV,1,5,7,3801,0,0,0,,0,"1 CAR","19TH AV","IRVING ST",0.00,,Y,C,-,Y,SF,4,1,-,-,3.950,I,5,N,N,3,0,1,2,A,-,10,21950,A,N,G,B,B,B,H,-,C,A,0,Y,,,,Y,,A,01,0,1,0,0,1,0,0,0,0,-,-,,,"SAN FRANCISCO","SAN FRANCISCO",-122.47716386,37.76389683
8327423,2017,2017-07-27,3801,2017-02-17,1041,1561,MISSI,5,5,7,3801,0,0,0,,0,3D11A,"MARKET ST","EUREKA ST",0.00,,Y,C,-,N,,,,,,,,,,Y,4,0,1,2,A,-,12,21453,A,N,D,C,A,B,H,-,A,A,0,,,,,Y,,A,01,0,0,1,0,0,0,0,0,0,-,-,,,"SAN FRANCISCO","SAN FRANCISCO",-122.43834987,37.76171991
8327419,2017,2017-07-28,3801,2017-02-24,1602,004286,RICHM,5,5,7,3801,0,0,0,,0,0G3,"CLEMENT ST","PARK PRESIDIO BL",0.00,,Y,A,-,Y,SF,4,1,-,-,5.630,I,5,N,N,4,0,1,2,A,-,04,21703,,F,C,C,A,A,H,-,A,A,0,,,,,Y,,A,01,0,0,1,0,0,0,0,0,0,-,-,,,"SAN FRANCISCO","SAN FRANCISCO",-122.47238681,37.78254005
8327415,2017,2017-08-02,3801,2017-02-10,1344,1764,TARAV,5,5,7,3801,0,0,0,,0,4B5I,"19TH AV","TARAVAL ST",85.00,N,N,A,-,Y,SF,4,1,-,-,2.520,H,-,N,Y,4,0,1,3,A,-,07,21658,A,N,B,C,A,A,H,-,A,D,0,,,Y,,Y,,C,02,0,0,1,0,0,0,0,0,1,-,-,37.7431,-122.47585,"SAN FRANCISCO","SAN FRANCISCO",-122.47565019,37.74335971
8327395,2017,2017-03-20,3801,2017-03-02,0740,251,COH,4,5,7,3801,0,0,0,,0,3H10,"DOUGLASS ST","28TH ST",0.00,,Y,A,-,N,,,,,,,,,,,4,0,1,1,A,-,03,22350,,N,E,I,A,A,H,-,A,D,0,,,,,Y,Y,A,01,0,0,1,0,0,0,0,0,0,-,-,,,"SAN FRANCISCO","SAN FRANCISCO",-122.43783995,37.7446199
8327379,2017,2017-03-17,3801,2017-02-24,1600,2305,NORTH,5,5,7,3801,0,0,0,,0,,"FULTON ST","SCOTT ST",113.00,E,N,A,-,N,,,,,,,,,,N,4,0,1,3,A,-,03,22350,,N,C,G,A,A,H,-,A,D,0,,Y,,,Y,,A,01,0,0,1,0,0,0,1,0,0,-,-,37.77722,-122.4364,"SAN FRANCISCO","SAN FRANCISCO",-122.43612463,37.77712294
8327249,2017,2018-03-08,3801,2017-02-27,2211,826,BAYVI,1,5,7,3801,0,0,0,,0,4CAR,"RT 101","SAN BRUNO AV",10.00,E,N,A,-,Y,SF,4,101,-,-,1.049,R,2,S,Y,4,0,1,1,A,-,03,22350,,M,E,I,A,A,H,-,C,A,0,,,,,Y,Y,A,01,0,0,1,0,0,0,0,0,0,-,-,,,"SAN FRANCISCO","SAN FRANCISCO",-122.40094882,37.72272313
8327141,2017,2017-03-21,3801,2017-02-24,1219,4259,,5,5,7,3801,0,0,0,,0,3C13A,"EVANS AV","3RD ST",0.00,,Y,A,-,N,,,,,,,,,,Y,3,0,1,3,A,-,12,21453,A,N,D,C,A,A,H,-,A,A,0,,,,,Y,,A,01,0,1,0,0,0,0,0,0,0,-,-,,,"SAN FRANCISCO","SAN FRANCISCO",-122.38800998,37.74272995
8307971,2017,2017-05-26,3801,2017-02-13,1838,2180,TARAV,1,5,7,3801,0,0,0,,0,3I16D,"JUDAH ST","43RD AV",0.00,,Y,A,-,N,,,,,,,,,,N,4,0,1,2,A,-,10,21950,A,N,G,B,B,-,H,-,B,D,0,Y,,,,Y,,A,01,0,0,1,0,1,0,0,0,0,-,-,,,"SAN FRANCISCO","SAN FRANCISCO",-122.50271987,37.76056999
8307773,2017,2017-03-21,3801,2017-02-27,0825,1655,BAYVI,1,5,7,3801,0,0,0,,0,3C13A,INGALLS,"YOSEMITE AV",5.00,S,N,A,-,N,,,,,,,,,,N,4,0,1,4,A,-,05,21650,,M,A,E,A,A,H,-,A,D,0,,,,,Y,,A,01,0,0,1,0,0,0,0,0,0,-,-,,,"SAN FRANCISCO","SAN FRANCISCO",-122.38793984,37.7247287
8307750,2017,2017-03-22,3801,2017-02-14,0809,1043,SOUTH,2,5,7,3801,0,0,0,,0,4B2C,"6TH ST","MINNA ST",11.00,S,N,A,-,N,,,,,,,,,,Y,4,0,1,3,A,-,09,21806,A,N,D,C,A,A,H,-,A,A,0,,,,,Y,,A,01,0,0,1,0,0,0,0,0,0,-,-,,,"SAN FRANCISCO","SAN FRANCISCO",-122.40810326,37.78052849
8307742,2017,2017-03-22,3801,2017-02-25,1845,1994,CENTR,6,5,7,3801,0,0,0,,0,4B3B,"POST ST","HYDE ST",33.00,W,N,B,-,N,,,,,,,,,,N,4,0,1,2,A,-,03,22350,,N,C,C,A,A,H,-,C,A,0,,,,,Y,,A,01,0,0,1,0,0,0,0,0,0,-,-,37.78728,-122.41657,"SAN FRANCISCO","SAN FRANCISCO",-122.41673242,37.78723394
8307738,2017,2017-03-22,3801,2017-02-25,1130,1487,NORTH,6,5,7,3801,0,0,0,,0,4B1F,"OAK ST","PIERCE ST",81.00,E,N,A,-,N,,,,,,,,,,Y,4,0,3,3,B,-,22,,,N,C,C,A,A,H,-,A,A,0,,,,,Y,,J,48,0,0,3,0,0,0,0,0,0,-,-,37.77366,-122.43409,"SAN FRANCISCO","SAN FRANCISCO",-122.43382325,37.77357544
8307734,2017,2017-03-22,3801,2017-02-08,1127,328,NORTH,3,5,7,3801,0,0,0,,0,3E75,"POLK ST","OLIVE ST",0.00,,Y,B,C,N,,,,,,,,,,Y,3,0,1,2,A,-,09,21802,A,N,D,D,A,B,H,-,A,A,0,,,,,Y,,-,,0,1,0,0,0,0,0,0,0,-,-,,,"SAN FRANCISCO","SAN FRANCISCO",-122.41944998,37.78448997
8307730,2017,2017-03-22,3801,2017-02-10,1750,959,TENDE,5,5,7,3801,0,0,0,,0,3J11D,"MARKET ST","7TH ST",0.00,,Y,A,-,N,,,,,,,,,,N,4,0,1,2,A,-,08,22102,,F,D,F,A,A,H,-,B,A,0,,,,,Y,,A,01,0,0,1,0,0,0,0,0,0,-,-,,,"SAN FRANCISCO","SAN FRANCISCO",-122.4125099,37.7804799
8307726,2017,2017-03-22,3801,2017-02-10,0513,1745,BAYVI,5,5,7,3801,0,0,0,,0,004,"SILVER AV",BARNEVELD,50.00,E,N,C,-,N,,,,,,,,,,Y,4,0,1,2,A,-,01,23152,A,N,A,E,A,B,H,-,C,D,0,,,,,Y,Y,-,,0,0,1,0,0,0,0,0,0,-,-,,,"SAN FRANCISCO","SAN FRANCISCO",-122.40660781,37.7321377
8307722,2017,2017-03-22,3801,2017-02-03,1234,1764,SOUTH,5,5,7,3801,0,0,0,,0,3B15A,"3RD ST","16TH ST",0.00,,Y,B,-,N,,,,,,,,,,Y,4,0,2,2,A,-,09,21453,C,N,D,F,A,B,H,-,A,A,0,,,,,Y,,A,01,0,0,2,0,0,0,0,0,0,-,-,37.76693,-122.38878,"SAN FRANCISCO","SAN FRANCISCO",-122.38920995,37.76693997
8307718,2017,2017-03-22,3801,2017-02-13,1424,002452,CENTR,1,5,7,3801,0,0,0,,0,3A13C,"VAN NESS AV","GEARY ST",0.00,,Y,A,-,N,,,,,,,,,,Y,4,0,3,3,A,-,03,22350,,F,A,C,A,A,H,-,A,A,0,,,,,Y,,A,01,0,0,3,0,0,0,0,0,0,-,-,,,"SAN FRANCISCO","SAN FRANCISCO",-122.42131987,37.78569994
8307649,2017,2017-03-21,3801,2017-02-13,1453,484,,1,5,7,3801,0,0,0,,0,3H16C,"GENEVA AV","CARTER ST",0.00,,Y,A,-,N,,,,,,,,,,N,4,0,3,2,A,-,04,21703,,N,C,C,A,A,H,-,A,A,0,,,,,Y,,A,08,0,0,3,0,0,0,0,0,0,-,-,,,"SAN FRANCISCO","SAN FRANCISCO",-122.42337992,37.70926993