CASE_ID,ACCIDENT_YEAR,PROC_DATE,JURIS,COLLISION_DATE,COLLISION_TIME,OFFICER_ID,REPORTING_DISTRICT,DAY_OF_WEEK,CHP_SHIFT,POPULATION,CNTY_CITY_LOC,SPECIAL_COND,BEAT_TYPE,CHP_BEAT_TYPE,CITY_DIVISION_LAPD,CHP_BEAT_CLASS,BEAT_NUMBER,PRIMARY_RD,SECONDARY_RD,DISTANCE,DIRECTION,INTERSECTION,WEATHER_1,WEATHER_2,STATE_HWY_IND,CALTRANS_COUNTY,CALTRANS_DISTRICT,STATE_ROUTE,ROUTE_SUFFIX,POSTMILE_PREFIX,POSTMILE,LOCATION_TYPE,RAMP_INTERSECTION,SIDE_OF_HWY,TOW_AWAY,COLLISION_SEVERITY,NUMBER_KILLED,NUMBER_INJURED,PARTY_COUNT,PRIMARY_COLL_FACTOR,PCF_CODE_OF_VIOL,PCF_VIOL_CATEGORY,PCF_VIOLATION,PCF_VIOL_SUBSECTION,HIT_AND_RUN,TYPE_OF_COLLISION,MVIW,PED_ACTION,ROAD_SURFACE,ROAD_COND_1,ROAD_COND_2,LIGHTING,CONTROL_DEVICE,CHP_ROAD_TYPE,PEDESTRIAN_ACCIDENT,BICYCLE_ACCIDENT,MOTORCYCLE_ACCIDENT,TRUCK_ACCIDENT,NOT_PRIVATE_PROPERTY,ALCOHOL_INVOLVED,STWD_VEHTYPE_AT_FAULT,CHP_VEHTYPE_AT_FAULT,COUNT_SEVERE_INJ,COUNT_VISIBLE_INJ,COUNT_COMPLAINT_PAIN,COUNT_PED_KILLED,COUNT_PED_INJURED,COUNT_BICYCLIST_KILLED,COUNT_BICYCLIST_INJURED,COUNT_MC_KILLED,COUNT_MC_INJURED,PRIMARY_RAMP,SECONDARY_RAMP,LATITUDE,LONGITUDE,COUNTY,CITY,POINT_X,POINT_Y
90529735,2017,2017-08-24,9335,2017-07-10,0030,021284,,1,3,7,3801,0,1,1,,1,083,"I-80 E/B","YERBA BUENA ISLAND TUNNEL",85.00,W,N,A,-,Y,,,80,,,,,,E,Y,4,0,1,2,A,-,07,21658,A,N,B,C,A,A,D,-,C,D,0,,,Y,,Y,,A,01,0,0,1,0,0,0,0,0,1,-,-,37.81019,-122.36512,"SAN FRANCISCO","SAN FRANCISCO",-122.36517619,37.81024322
90529747,2017,2017-08-24,9335,2017-07-29,2255,019737,,6,3,7,3801,0,1,1,,1,081,"I-80 W/B","BEALE ST",300.00,W,N,A,-,Y,,,80,,,,,,W,N,4,0,1,3,A,-,03,22350,,F,C,C,A,A,H,-,D,D,0,,,,,Y,Y,D,22,0,0,1,0,0,0,0,0,0,-,-,37.78607,-122.39093,"SAN FRANCISCO","SAN FRANCISCO",-122.39086228,37.7859703
90529760,2017,2017-08-24,9335,2017-08-14,1906,021736,,1,2,7,3801,0,1,1,,2,022,"I-280 S/B","SAN JOSE AVENUE OVERCROSSING",190.00,S,N,A,-,Y,,,280,,,,,,S,Y,3,0,2,4,A,-,03,22350,,N,C,C,A,A,H,-,A,D,0,,,,,Y,,A,01,0,1,1,0,0,0,0,0,0,-,-,37.71784,-122.44858,"SAN FRANCISCO","SAN FRANCISCO",-122.44864986,37.71784858
90533631,2017,2017-08-25,9335,2017-08-14,1520,012827,,1,2,7,3801,0,1,1,,2,080,"I-80 E/B","2ND STREET U/C",100.00,E,N,B,-,Y,,,80,,,,,,E,N,4,0,1,2,A,-,03,22350,,N,C,C,A,A,H,-,A,D,0,,,,,Y,,A,01,0,0,1,0,0,0,0,0,0,-,-,37.78394,-122.39411,"SAN FRANCISCO","SAN FRANCISCO",-122.3941006,37.78392818
90533719,2017,2017-08-25,9335,2017-08-01,1337,021736,,2,1,7,3801,0,1,2,,2,013,"US-101 NORTHBOUND TO ALEMANY BLVD","RICKARD STREET",597.00,N,N,A,-,Y,,,101,,,,R,,N,Y,4,0,1,1,A,-,08,22107,,N,E,I,A,A,H,-,A,A,0,,,,,Y,,A,01,0,0,1,0,0,0,0,0,0,-,-,37.73624,-122.4071,"SAN FRANCISCO","SAN FRANCISCO",-122.4071,37.73624
90534103,2017,2017-08-25,9335,2017-08-15,2025,021341,,2,2,7,3801,0,1,2,,2,013,"US-101 S/B","PAUL AVENUE UNDERCROSSING",744.00,S,N,A,-,Y,,,101,,,,,,S,N,4,0,2,2,A,-,07,21658,A,N,B,C,A,A,H,-,C,D,0,,,,,Y,,A,01,0,0,2,0,0,0,0,0,0,-,-,37.72179,-122.40058,"SAN FRANCISCO","SAN FRANCISCO",-122.40058389,37.72178857
90534125,2017,2017-08-25,9335,2017-08-15,2330,021736,,2,3,7,3801,0,1,2,,2,014,"US-101 N/B","18TH STREET PEDESTRIAN OVERCROSSING",136.00,S,N,A,-,Y,,,101,,,,,,N,N,4,0,3,2,A,-,03,22350,,F,C,C,A,A,H,-,D,D,0,,,,,Y,,-,99,0,0,3,0,0,0,0,0,0,-,-,37.76176,-122.40585,"SAN FRANCISCO","SAN FRANCISCO",-122.4058623,37.76176684
90534584,2017,2017-08-28,9335,2017-08-19,1525,021700,,6,2,7,3801,0,1,1,,2,023,"I-280 N/B TO I-280 N/B","BARNEVELD AVE.",630.00,S,N,B,-,Y,,,280,,,,R,,N,N,4,0,1,2,A,-,07,21658,A,N,B,C,A,A,H,-,A,D,0,,,,,Y,,A,01,0,0,1,0,0,0,0,0,0,-,-,37.73409,-122.40998,"SAN FRANCISCO","SAN FRANCISCO",-122.40998,37.73409
90534589,2017,2017-12-22,9335,2017-08-04,1510,021742,,5,2,7,3801,0,1,2,,2,014,"US-101 N/B","THE 16TH ST. U/C",300.00,S,N,B,-,Y,,,101,,,,,,N,Y,3,0,1,2,D,-,00,,,N,C,C,A,A,H,-,A,D,0,,,Y,,Y,,-,-,0,1,0,0,0,0,0,0,1,-,-,37.76508,-122.40491,"SAN FRANCISCO","SAN FRANCISCO",-122.40482825,37.76509313
90534724,2017,2017-08-28,9335,2017-08-17,1414,018845,,4,2,7,3801,0,1,1,,1,083,"I-80 E/B","YERBA BUENA ISLAND TUNNEL",2640.00,W,N,A,-,Y,,,80,,,,,,E,Y,4,0,1,2,A,-,03,22350,,N,C,C,A,A,H,-,A,D,0,,,,,Y,,E,22,0,0,1,0,0,0,0,0,0,-,-,37.80364,-122.37245,"SAN FRANCISCO","SAN FRANCISCO",-122.37223734,37.80341022
90534822,2017,2017-08-28,9350,2017-08-18,1025,021704,,5,1,7,3801,0,1,2,,2,020,"US-101 S/B","GGB NORTH TOWER",2.00,S,N,B,-,Y,,,101,,,,,,S,N,3,0,1,1,B,-,22,,,N,F,A,A,A,H,-,A,D,0,,Y,,,Y,,L,04,0,1,0,0,0,0,1,0,0,-,-,37.82552,-122.47934,"SAN FRANCISCO","SAN FRANCISCO",-122.47952686,37.82549194
90535228,2017,2017-08-28,9335,2017-08-18,2022,021780,,5,2,7,3801,0,1,1,,1,083,"E/B I-80","TREASURE ISLAND RD. O/C",81.00,E,N,A,-,Y,,,80,,,,,,,Y,3,0,1,1,A,-,01,23152,A,N,E,I,A,A,H,-,C,A,0,,,Y,,Y,Y,C,02,0,1,0,0,0,0,0,0,1,-,-,37.80894,-122.3668,"SAN FRANCISCO","SAN FRANCISCO",-122.3665525,37.80869735
90535253,2017,2017-08-28,9335,2017-08-18,1600,017672,,5,2,7,3801,0,1,1,,1,081,"I-80 E/B","NEW EASTERN SPAN TOWER",2112.00,E,N,A,-,Y,,,80,,,,,,E,N,4,0,1,3,A,-,07,21658,A,N,B,C,A,A,H,-,A,D,0,,,,,Y,,A,01,0,0,1,0,0,0,0,0,0,-,-,37.81819,-122.3524,"SAN FRANCISCO","SAN FRANCISCO",-122.35241655,37.81823429
90535270,2017,2017-08-28,9335,2017-08-18,1535,021649,,5,2,7,3801,0,1,2,,2,014,"US-101 S/B","CESAR CHAVEZ STREET U/C",700.00,S,N,A,-,Y,,,101,,,,,,S,Y,4,0,1,3,A,-,17,21658,,N,C,C,A,A,H,-,A,D,0,,,,,Y,,A,01,0,0,1,0,0,0,0,0,0,-,-,37.74661,-122.40473,"SAN FRANCISCO","SAN FRANCISCO",-122.40470737,37.74660267
90535728,2017,2017-08-29,9335,2017-08-17,1950,021459,,4,2,7,3801,0,1,1,,2,022,"I-280 N/B","SAN JOSE AVE OVERCROSSING",300.00,S,N,A,-,Y,,,280,,,,,,N,N,4,0,1,3,A,-,03,22350,,N,C,C,A,A,H,-,A,D,0,,,,,Y,,A,01,0,0,1,0,0,0,0,0,0,-,-,37.71766,-122.4484,"SAN FRANCISCO","SAN FRANCISCO",-122.44850712,37.71767366
90536228,2017,2017-08-29,9335,2017-08-11,2315,021742,,5,3,7,3801,0,1,2,,2,015,"US-101 S/B","THE BRYANT ST. U/C",150.00,N,N,A,-,Y,,,101,,,,,,S,Y,4,0,1,3,A,-,03,22350,,N,C,C,A,A,H,-,D,D,0,,,,,Y,,A,01,0,0,1,0,0,0,0,0,0,-,-,37.76936,-122.41144,"SAN FRANCISCO","SAN FRANCISCO",-122.41143804,37.76938915
90536306,2017,2017-08-29,9335,2017-08-21,2315,021736,,1,3,7,3801,0,1,2,,2,014,"US-101 S/B","17TH ST",200.00,N,N,A,-,Y,,,101,,,,,,S,Y,4,0,4,5,A,-,03,22350,,N,C,C,A,A,H,-,D,D,0,,,,,Y,,A,07,0,0,4,0,0,0,0,0,0,-,-,37.76497,-122.40518,"SAN FRANCISCO","SAN FRANCISCO",-122.4051308,37.76497416
90536386,2017,2017-08-29,9335,2017-08-22,1625,021770,,2,2,7,3801,0,1,2,,2,013,"US-101 NORTHBOUND","FAITH ST. PEDESTRIAN OVER-CROSSING",250.00,N,N,A,-,Y,,,101,,,,,,N,Y,4,0,1,2,A,-,07,21658,A,N,B,C,A,A,H,-,A,D,0,,,,,Y,,A,07,0,0,1,0,0,0,0,0,0,-,-,37.7445,-122.40521,"SAN FRANCISCO","SAN FRANCISCO",-122.40523403,37.74451089
90536613,2017,2017-08-29,9335,2017-08-23,1544,021736,,3,2,7,3801,0,1,2,,2,013,"US-101 NORTHBOUND","PAUL AVENUE UNDERCROSSING",37.00,N,N,A,-,Y,,,101,,,,,,N,Y,4,0,2,4,A,-,03,22350,,N,C,C,A,A,H,-,A,D,0,,,,,Y,,A,07,0,0,2,0,0,0,0,0,0,-,-,37.72393,-122.40117,"SAN FRANCISCO","SAN FRANCISCO",-122.40116413,37.72393245
90536656,2017,2017-08-30,9335,2017-08-05,2250,021390,,6,3,7,3801,0,1,1,,2,023,"I-280 N/B","ALEMANY BLVD (NORTH) OVERCROSSING",80.00,N,N,B,-,Y,,,280,,,,,,N,Y,4,0,2,2,A,-,07,21658,A,N,C,C,A,A,H,-,C,D,0,,,,,Y,Y,A,01,0,0,2,0,0,0,0,0,0,-,-,37.73225,-122.41425,"SAN FRANCISCO","SAN FRANCISCO",-122.41427433,37.73232153
90536671,2017,2017-08-30,9335,2017-08-14,2000,020311,,1,2,7,3801,0,1,2,,2,014,"US-101 N/B","17TH ST",350.00,S,N,A,-,Y,,,101,,,,,,N,Y,3,0,1,2,A,-,07,21658,A,N,B,C,A,A,H,-,A,D,0,,,Y,,Y,,A,01,0,1,0,0,0,0,0,0,1,-,-,37.76369,-122.40497,"SAN FRANCISCO","SAN FRANCISCO",-122.40495394,37.76368545
90537160,2017,2017-08-30,9350,2017-08-22,2047,021564,,2,2,7,3801,0,1,2,,2,020,"US-101 S/B","SOUTH EDGE OF TOLL PLAZA",8.00,N,N,A,-,Y,,,101,,,,,,S,Y,4,0,1,1,A,-,08,22107,,N,E,I,A,A,H,-,C,D,0,,,,,Y,,I,10,0,0,1,0,0,0,0,0,0,-,-,37.8071,-122.4756,"SAN FRANCISCO","SAN FRANCISCO",-122.47561994,37.80707487
90537648,2017,2017-08-31,9335,2017-08-22,1851,021736,,2,2,7,3801,0,1,2,,2,015,"US-101 N/B","HARRISON STREET UNDERCROSSING",75.00,N,N,A,-,Y,,,101,,,,,,N,N,4,0,1,2,A,-,07,21658,A,N,D,C,A,A,H,-,A,D,0,,,Y,,Y,,I,10,0,0,1,0,0,0,0,0,1,-,-,37.76964,-122.41377,"SAN FRANCISCO","SAN FRANCISCO",-122.41377071,37.76961558
90538510,2017,2017-09-01,9335,2017-08-23,1140,021754,,3,1,7,3801,0,1,2,,2,015,"US-101 N/B","FOLSOM STREET",250.00,S,N,A,-,Y,,,101,,,,,,N,Y,4,0,1,3,A,-,01,23152,F,N,C,C,A,A,H,-,A,D,0,,,,,Y,,A,01,0,0,1,0,0,0,0,0,0,-,-,37.76965,-122.41457,"SAN FRANCISCO","SAN FRANCISCO",-122.41457028,37.76963361
90539905,2017,2017-09-04,9335,2017-08-07,0540,021474,,1,3,7,3801,0,1,1,,1,081,"I-80 W/B","MACALLA RD. U/C",400.00,W,N,A,-,Y,,,80,,,,,,W,Y,3,0,1,2,A,-,03,22350,,N,F,A,A,A,H,-,D,D,0,,,Y,,Y,,C,02,0,1,0,0,0,0,0,0,1,-,-,37.81081,-122.36431,"SAN FRANCISCO","SAN FRANCISCO",-122.36446532,37.81096539
90540585,2017,2017-09-05,9335,2017-08-22,1540,020509,,2,2,7,3801,0,1,2,,2,013,"US-101 NORTHBOUND","3RD ST O/C",1795.00,N,N,A,-,Y,,,101,,,,,,N,Y,4,0,1,2,A,-,03,22350,,N,C,C,A,A,H,-,A,D,0,,,,,Y,,A,01,0,0,1,0,0,0,0,0,0,-,-,37.721,-122.39997,"SAN FRANCISCO","SAN FRANCISCO",-122.4000173,37.7209838
90541169,2017,2017-09-05,9335,2017-08-24,1825,021424,,4,2,7,3801,0,1,1,,1,081,"I-80 W/B","SPEAR ST",100.00,E,N,A,-,Y,,,80,,,,,,W,N,4,0,3,2,A,-,03,22350,,N,C,C,A,A,H,-,A,D,0,,,,,Y,,A,08,0,0,3,0,0,0,0,0,0,-,-,37.78837,-122.38839,"SAN FRANCISCO","SAN FRANCISCO",-122.38827197,37.7882436
90541231,2017,2017-09-06,9335,2017-08-25,0145,021424,,5,3,7,3801,0,1,1,,2,023,"I-280 N/B","ALEMANY BLVD OVERCROSSING",70.00,S,N,A,-,Y,,,280,,,,,,N,Y,2,0,1,1,A,-,01,23152,A,N,E,I,A,A,H,-,C,D,0,,,,,Y,Y,A,01,1,0,0,0,0,0,0,0,0,-,-,37.73223,-122.41481,"SAN FRANCISCO","SAN FRANCISCO",-122.41478854,37.73215041
90541232,2017,2017-09-06,9335,2017-08-25,0158,021424,,5,3,7,3801,0,1,1,,2,023,"I-280 N/B","ALEMANY BLVD OVERCROSSING",180.00,N,N,A,-,Y,,,280,,,,,,N,Y,3,0,1,1,A,-,08,22107,,N,E,I,A,A,H,-,C,D,0,,,,,Y,Y,A,01,0,1,0,0,0,0,0,0,0,-,-,37.73253,-122.41393,"SAN FRANCISCO","SAN FRANCISCO",-122.41390074,37.73245615
90541282,2017,2017-09-06,9335,2017-08-25,1020,021712,,5,1,7,3801,0,1,1,,2,023,"I-280 S/B","MISSION ST",435.00,S,N,B,-,Y,,,280,,,,,,S,Y,3,0,1,1,A,-,08,22107,,N,E,I,A,A,H,-,A,D,0,,,,,Y,,A,01,0,1,0,0,0,0,0,0,0,-,-,37.73223,-122.42974,"SAN FRANCISCO","SAN FRANCISCO",-122.42973396,37.73228531
90542311,2017,2017-09-07,9335,2017-08-29,1832,021736,,2,2,7,3801,0,1,1,,1,083,"I-80 W/B","SFOBB CENTER ANCHORAGE",100.00,W,N,A,-,Y,,,80,,,,,,W,Y,4,0,1,2,A,-,01,23152,A,N,C,C,A,A,H,-,A,A,0,,,,,Y,Y,D,22,0,0,1,0,0,0,0,0,0,-,-,37.79792,-122.37857,"SAN FRANCISCO","SAN FRANCISCO",-122.37841204,37.79775124
90542328,2017,2017-09-07,9335,2017-08-29,0835,021754,,2,1,7,3801,0,1,2,,2,013,"US 101 S/B","BAYSHORE BLVD",1478.00,N,N,A,-,Y,,,,,,,,,,Y,4,0,1,2,A,-,03,22350,,N,C,C,A,A,H,-,A,D,0,,,,,Y,,A,01,0,0,1,0,0,0,0,0,0,-,-,37.71985,-122.39995,"SAN FRANCISCO","SAN FRANCISCO",-122.40313131,37.7521635
90542335,2017,2017-09-07,9335,2017-08-29,1505,018845,,2,2,7,3801,0,1,2,,2,013,"US-101 N/B","FAITH ST OVER CROSSING",615.00,S,N,A,-,Y,,,101,,,,,,N,Y,4,0,2,2,A,-,03,22350,,N,C,C,A,A,H,-,A,D,0,,,,,Y,,A,01,0,0,2,0,0,0,0,0,0,-,-,37.74232,-122.40674,"SAN FRANCISCO","SAN FRANCISCO",-122.40684707,37.74240162
90543678,2017,2017-09-08,9350,2017-09-07,0235,021629,,4,3,7,3801,0,1,3,,2,011,"SR-1 N/B","LINCOLN AVE UNDERCROSSING",1612.00,S,N,B,-,Y,,,1,,,,,,N,Y,4,0,1,1,A,-,03,22350,,N,E,I,A,B,H,-,C,D,0,,,,,Y,,A,01,0,0,1,0,0,0,0,0,0,-,-,37.80393,-122.47001,"SAN FRANCISCO","SAN FRANCISCO",-122.46950061,37.80328345
90544163,2017,2017-09-11,9335,2017-08-30,1740,020783,,3,2,7,3801,0,1,2,,2,013,"US-101 S/B","CESAR CHAVEZ ST",1015.00,S,N,A,-,Y,,,101,,,,,,S,Y,3,0,1,2,A,-,03,22350,,N,C,C,A,A,H,-,A,D,0,,,Y,,Y,,C,02,0,1,0,0,0,0,0,0,1,-,-,37.74656,-122.40468,"SAN FRANCISCO","SAN FRANCISCO",-122.40471728,37.74657208
90544181,2017,2017-09-11,9335,2017-08-30,1435,021754,,3,2,7,3801,0,1,2,,2,013,"US 101 N/B","PAUL AVENUE",270.00,S,N,A,-,Y,,,,,,,,,,Y,4,0,1,3,A,-,03,22350,,N,C,C,A,A,H,-,A,D,0,,,,,Y,,A,01,0,0,1,0,0,0,0,0,0,-,-,37.7229,-122.40076,"SAN FRANCISCO","SAN FRANCISCO",-122.40087971,37.72301501
90544660,2017,2017-09-11,9335,2017-08-29,0745,019987,,2,1,7,3801,0,1,2,,2,013,"US-101 N/B","FAITH ST. PED O/C",385.00,S,N,A,-,Y,,,101,,,,,,N,N,4,0,1,2,A,-,07,21658,A,N,B,C,A,A,H,-,A,D,0,,,Y,,Y,,D,22,0,0,1,0,0,0,0,0,1,-,-,37.74229,-122.40642,"SAN FRANCISCO","SAN FRANCISCO",-122.40672504,37.74255563
90545182,2017,2017-09-12,9335,2017-08-22,1200,021754,,2,1,7,3801,0,1,1,,2,024,"I280 S/B","MCKINNON AVE",130.00,S,N,A,-,Y,,,,,,,,,,N,4,0,2,7,A,-,03,22350,,N,C,C,A,A,H,-,A,D,0,,,,,Y,,A,01,0,0,2,0,0,0,0,0,0,-,-,37.74077,-122.39887,"SAN FRANCISCO","SAN FRANCISCO",-122.39884259,37.74086452
90546309,2017,2017-09-13,9335,2017-09-01,2127,021341,,5,2,7,3801,0,1,1,,2,080,"I-80 E/B","ALAMEDA STREET",176.00,E,N,A,-,Y,,,80,,,,,,E,N,4,0,1,2,A,-,03,22350,,N,C,C,A,A,H,-,C,D,0,,,,,Y,,A,07,0,0,1,0,0,0,0,0,0,-,-,37.76902,-122.40511,"SAN FRANCISCO","SAN FRANCISCO",-122.4051484,37.76901626
90546995,2017,2017-09-13,9335,2017-08-05,0119,021247,,6,3,7,3801,0,1,2,,2,014,"US-101 SOUTHBOUND","22ND ST PED O/C",160.00,S,N,A,-,Y,,,101,,,,,,S,Y,2,0,2,2,A,-,01,23152,G,N,C,C,A,A,H,-,D,D,0,,,,,Y,Y,A,07,1,0,1,0,0,0,0,0,0,-,-,37.75638,-122.40348,"SAN FRANCISCO","SAN FRANCISCO",-122.40338742,37.75640732
90547172,2017,2017-09-13,9335,2017-08-29,1950,021436,,2,2,7,3801,0,1,2,,2,013,"US-101 S/B","BAYSHORE BLVD O/C",1105.00,S,N,B,-,Y,,,101,,,,,,S,Y,4,0,1,2,A,-,03,22350,,F,C,C,A,A,H,-,D,D,0,,,,,Y,,-,99,0,0,1,0,0,0,0,0,0,-,-,37.71319,-122.39667,"SAN FRANCISCO","SAN FRANCISCO",-122.39668751,37.71317772
90547269,2017,2017-09-14,9335,2017-09-01,1140,020212,,5,1,7,3801,0,1,2,,2,014,"US-101 S/B","ARMY ST",888.00,N,N,A,-,Y,,,101,,,,,,S,Y,4,0,1,2,A,-,07,21658,A,N,B,C,A,A,H,-,A,D,0,,,,,Y,,A,01,0,0,1,0,0,0,0,0,0,-,-,37.75185,-122.40316,"SAN FRANCISCO","SAN FRANCISCO",-122.40308078,37.75184198
90547272,2017,2017-09-14,9335,2017-09-02,0525,021424,,6,3,7,3801,0,1,1,,2,080,"I-80 E/B","8TH ST",25.00,W,N,A,-,Y,,,80,,,,,,E,Y,3,0,2,2,A,-,03,22350,,N,C,C,A,A,H,-,B,D,0,,,,,Y,,D,22,0,1,1,0,0,0,0,0,0,-,-,37.77163,-122.40614,"SAN FRANCISCO","SAN FRANCISCO",-122.40617003,37.77161273
90547390,2017,2017-09-14,9335,2017-09-01,2235,021742,,5,3,7,3801,0,1,1,,2,023,"US-101 S/B TO I-280 S/B","THE ALEMANY BLVD. UNDERCROSSING",160.00,N,N,A,-,Y,,,101,,,,R,,S,Y,3,0,1,2,A,-,07,21658,A,F,B,C,A,A,H,-,D,D,0,,,Y,,Y,,-,99,0,1,0,0,0,0,0,0,1,-,-,37.73815,-122.40825,"SAN FRANCISCO","SAN FRANCISCO",-122.40825,37.73815
90547550,2017,2017-09-26,9335,2017-09-02,0150,021474,,6,3,7,3801,0,1,1,,1,083,"I-80 E/B","WEST EDGE OF CENTER ANCHORAGE",20.00,W,N,A,-,Y,,,80,,,,,,E,Y,4,0,3,2,A,-,01,23152,A,F,C,C,A,A,H,-,D,D,0,,,,,Y,Y,A,01,0,0,3,0,0,0,0,0,0,-,-,37.79794,-122.37853,"SAN FRANCISCO","SAN FRANCISCO",-122.37838074,37.79778054
90547819,2017,2017-09-14,9335,2017-09-04,1130,020783,,1,1,7,3801,0,1,2,,2,014,"US-101 N/B","17TH ST",106.00,N,N,A,-,Y,,,101,,,,,,N,Y,4,0,1,2,A,-,07,21658,A,N,B,C,A,A,H,-,A,D,0,,,,Y,Y,,A,01,0,0,1,0,0,0,0,0,0,-,-,37.76501,-122.40487,"SAN FRANCISCO","SAN FRANCISCO",-122.40482839,37.76500714
90547821,2017,2017-09-14,9350,2017-09-03,1354,021739,,7,1,7,3801,0,1,2,,2,010,"US-101 N/B","CRISSY FIELD AVE U/C",200.00,S,N,A,-,Y,,,,,,,,,,Y,4,0,2,2,A,-,03,22350,,N,C,C,A,A,H,-,A,D,0,,,,,Y,,A,01,0,0,2,0,0,0,0,0,0,-,-,37.80243,-122.5662,"SAN FRANCISCO","SAN FRANCISCO",-122.4663196,37.80244248
90548289,2017,2017-12-22,9335,2017-09-01,2050,021742,,5,2,7,3801,0,1,2,,2,013,"US-101 N/B TO I-280","THE SILVER AVE. UNDERCROSSING",130.00,S,N,A,-,Y,,,101,,,,R,,N,Y,3,0,2,2,A,-,03,22350,,N,C,C,A,A,H,-,C,D,0,,,,,Y,,A,01,0,1,1,0,0,0,0,0,0,-,-,37.73243,-122.40475,"SAN FRANCISCO","SAN FRANCISCO",-122.40475,37.73243
90548979,2017,2017-09-15,9335,2017-09-05,0620,021754,,2,1,7,3801,0,1,2,,2,013,"US-101 S/B","PAUL AVENUE",580.00,N,N,A,-,Y,,,101,,,,,,S,N,4,0,1,2,A,-,03,22350,,N,C,C,A,A,H,-,A,D,0,,,,,Y,,A,01,0,0,1,0,0,0,0,0,0,-,-,37.72542,-122.402,"SAN FRANCISCO","SAN FRANCISCO",-122.40203972,37.7254053
90549057,2017,2017-09-15,9350,2017-09-10,1800,019927,,7,2,7,3801,0,1,3,,2,011,"SR-1 S/B","LAKE ST",2640.00,N,N,A,-,Y,,,1,,,,,,S,N,4,0,3,2,A,-,03,22350,,N,C,C,A,A,H,-,A,D,0,,,,,Y,,A,01,0,0,3,0,0,0,0,0,0,-,-,37.78956,-122.47052,"SAN FRANCISCO","SAN FRANCISCO",-122.47085104,37.78979995
90551388,2017,2017-09-19,9335,2017-09-07,0620,020212,,4,1,7,3801,0,1,1,,2,023,"I-280 N/B","ALEMANY BLVD",160.00,N,N,A,-,Y,,,280,,,,,,N,N,4,0,1,2,A,-,08,22107,,N,E,I,A,A,H,-,B,D,0,,,,,Y,,A,01,0,0,1,0,0,0,0,0,0,-,-,37.73247,-122.41396,"SAN FRANCISCO","SAN FRANCISCO",-122.41394721,37.73243773
90552174,2017,2017-09-20,9335,2017-09-10,2330,021312,,7,3,7,3801,0,1,1,,2,080,"I-80 W/B","BRYANT STREET",285.00,W,N,A,-,Y,,,80,,,,,,W,Y,3,0,1,3,A,-,03,22350,,M,C,C,A,A,H,-,D,D,0,,,,,Y,,A,01,0,1,0,0,0,0,0,0,0,-,-,37.77181,-122.40647,"SAN FRANCISCO","SAN FRANCISCO",-122.40649673,37.7717973
90553825,2017,2017-09-22,9335,2017-09-12,1402,021736,,2,2,7,3801,0,1,1,,2,023,"I-280 N/B TO US-101 S/B","BOWDOIN ST",46.00,N,N,A,-,Y,,,280,,,,R,,N,Y,4,0,1,2,A,-,08,22107,,N,B,C,A,A,H,-,A,D,0,,,,,Y,,A,01,0,0,1,0,0,0,0,0,0,-,-,37.73252,-122.41335,"SAN FRANCISCO","SAN FRANCISCO",-122.41335,37.73252
90554684,2017,2017-09-25,9335,2017-09-13,2300,021436,,3,3,7,3801,0,1,1,,2,023,"I-280 S/B","LYELL ST. U/C",379.00,N,N,B,-,Y,,,280,,,,,,S,N,4,0,1,2,A,-,03,22350,,F,C,C,A,A,D,-,D,A,0,,,,,Y,,-,99,0,0,1,0,0,0,0,0,0,-,-,37.73239,-122.4305,"SAN FRANCISCO","SAN FRANCISCO",-122.4305,37.73233618
90555579,2017,2017-09-26,9335,2017-09-20,0400,019999,,3,3,7,3801,0,1,1,,2,023,"I-280 S/B","MONTEREY BLVD",550.00,N,N,A,-,Y,,,280,,,,,,S,Y,4,0,1,1,A,-,08,22107,,N,F,A,A,A,H,-,D,D,0,,,,,Y,,A,01,0,0,1,0,0,0,0,0,0,-,-,37.73183,-122.42684,"SAN FRANCISCO","SAN FRANCISCO",-122.42685474,37.73175848
90555981,2017,2017-09-26,9335,2017-09-15,0835,020212,,5,1,7,3801,0,1,1,,2,022,"I-280 N/B","GENEVA AVE",50.00,S,N,A,-,Y,,,280,,,,,,N,N,4,0,1,2,A,-,07,21658,A,F,B,C,A,A,H,-,A,D,0,,,Y,,Y,,-,99,0,0,1,0,0,0,0,0,1,-,-,37.72264,-122.44779,"SAN FRANCISCO","SAN FRANCISCO",-122.4478159,37.72264598